News Org,Tweets Ago,Date,Tweet,Compound,Positive,Neutral,Negative
@BBC,0,Fri Dec 01 19:00:02 +0000 2017,"Former Nazi leader, Ingo Hasselbach has developed a system in Germany to fight extremism.
Via BBC World Hacks. https://t.co/VTbEfmUGvk",-0.3818,0.0,0.133,0.867
@BBC,1,Fri Dec 01 18:30:09 +0000 2017,ü•ëüëÆ The avocado police protecting Mexico's green gold. https://t.co/nY6VtkGxtA https://t.co/UBmnrbTzTH,0.0,0.0,0.0,1.0
@BBC,2,Fri Dec 01 18:01:03 +0000 2017,"When @LoyleCarner met his all-time hero Eric Cantona. ‚ù§Ô∏èÔ∏è Watch The Premier League Show, here. üëâ‚Ä¶ https://t.co/NQDq5uxKkS",0.5574,0.184,0.0,0.816
@BBC,3,Fri Dec 01 17:30:09 +0000 2017,"'I‚Äôve learnt for the first time in years to accept my skin.' 
Could ‚Äòacne positivity‚Äô help you to love your spots?‚Ä¶ https://t.co/J1PLYHNzMO",0.8591,0.333,0.0,0.667
@BBC,4,Fri Dec 01 17:18:28 +0000 2017,"RT @BBCEarth: With a drone, his friends and a wheelchair, @jaimenhudson can fly
#OurBluePlanet #BluePlanet2 https://t.co/zM2p9ZnwbR",0.4767,0.193,0.0,0.807
@BBC,5,Fri Dec 01 17:06:02 +0000 2017,All dressed up and heading out on a Friday night like... üëë üíÖ #FridayFeeling #BluePlanet2 https://t.co/mmJxVP7Hjy,0.0,0.0,0.0,1.0
@BBC,6,Fri Dec 01 16:30:03 +0000 2017,"Who's excited for @PalomaFaith to host #SLFN tonight? 

WE ARE!

7.30pm | @BBCOne | https://t.co/JXdFw7Flfy https://t.co/x7kyc96jZb",0.4003,0.172,0.0,0.828
@BBC,7,Fri Dec 01 16:03:06 +0000 2017,"Coming up on @BBCFour this Christmas; Eric, Ernie &amp; Me, La Boh√®me, Elvis and more! ‚õÑÔ∏è üé∂ üåü https://t.co/lALkwMP6Th https://t.co/wL6oIRaUVc",0.0,0.0,0.0,1.0
@BBC,8,Fri Dec 01 15:31:05 +0000 2017,üî¨ üéß @brittwray &amp; @elliecosgrave discuss how close we are to the next pandemic in episode 5 of the @TWBBC podcast. üëâ‚Ä¶ https://t.co/zksLmMErzC,0.0,0.0,0.0,1.0
@BBC,9,Fri Dec 01 14:59:04 +0000 2017,"Today is the first day of winter - or is it? ‚ùÑ
Working out exactly when autumn finishes &amp; winter begins isn't as si‚Ä¶ https://t.co/8qhmrtHUFX",0.0,0.0,0.0,1.0
@BBC,10,Fri Dec 01 14:28:33 +0000 2017,"On #WorldAIDSDay, @RiyadhK looks at some iconic 80s advertising from the safe sex campaign stressing the importance‚Ä¶ https://t.co/4IaLF5gWY2",0.1027,0.136,0.117,0.748
@BBC,11,Fri Dec 01 14:00:07 +0000 2017,"'For the ear, he (Elvis) is an unutterable bore.' ~ @NYTimes.
üò¨ 7 times music critics got things completely wrong.‚Ä¶ https://t.co/8ETpF9UMXD",-0.296,0.0,0.115,0.885
@BBC,12,Fri Dec 01 13:31:02 +0000 2017,"With drug-resistant superbugs on the rise, scientists are searching for new antibiotics in exotic and extreme place‚Ä¶ https://t.co/zwgK11WqUJ",0.0,0.0,0.0,1.0
@BBC,13,Fri Dec 01 13:00:08 +0000 2017,"'Cows always find time for extra-curricular activities.' üêÆ
Nine udderly fascinating facts about cows. üëâ‚Ä¶ https://t.co/5CluNT3eYN",0.5423,0.2,0.0,0.8
@BBC,14,Fri Dec 01 12:30:03 +0000 2017,"The apocalypse smells like racism. üòÇ
#QI via @BBCTwo. 
Watch on @BBCiPlayer. üëâ https://t.co/8GlsOYI8Ej https://t.co/qf2XCUaENY",-0.3818,0.142,0.233,0.625
@BBC,15,Fri Dec 01 12:18:09 +0000 2017,"RT @BBCSpringwatch: Three wise men? 
Not quite, but we do have three ADORABLE long-eared owls in the Autumnwatch advent calendar üòç https://‚Ä¶",0.8151,0.282,0.0,0.718
@BBC,16,Fri Dec 01 12:03:01 +0000 2017,You're the man @BrandonFlowers. üëè üé∂ üåü We're still loving @thekillers' performance from #SLFN Via @BBCMusic https://t.co/4q9sdosZjG,0.5994,0.231,0.0,0.769
@BBC,17,Fri Dec 01 11:34:46 +0000 2017,"Go crab, go! ü¶Ä üêç üêô
#BluePlanet2 via @BBCEarth.

Coasts | Sunday 8PM | @BBCOne. https://t.co/vazOWtmE7U",0.0,0.0,0.0,1.0
@BBC,18,Fri Dec 01 11:02:10 +0000 2017,"It's #WorldCupDraw day! üôå

Whichever country you land on will be your second team at the #WorldCup (unless they‚Äôre‚Ä¶ https://t.co/Kns3zUZ2KG",0.0,0.0,0.0,1.0
@BBC,19,Fri Dec 01 10:34:22 +0000 2017,"RT @bbcthree: 45% of burglaries are committed by heroin and crack users. 
This is the story behind of one of them. #Drugsland https://t.co/‚Ä¶",-0.2732,0.08,0.122,0.798
@BBC,20,Fri Dec 01 10:30:07 +0000 2017,"BBC RemArc, a tool to trigger memories in people with dementia using archive material, has won the @AlzheimersSoc D‚Ä¶ https://t.co/qjHjcboEtr",0.5719,0.171,0.0,0.829
@BBC,21,Fri Dec 01 10:00:05 +0000 2017,"Mary Berry's got the perfect no-hassle soup for cold nights. üç≤üòã
#CountryHouseSecrets via @BBCFood. 
Full recipe her‚Ä¶ https://t.co/hRuSme1z3f",0.5719,0.179,0.0,0.821
@BBC,22,Fri Dec 01 09:44:25 +0000 2017,"RT @bbccomedy: Yep, this guy knows what women want... üëå @HaveIGotNews @StephenMangan https://t.co/mYPUSwEH6X",0.296,0.167,0.0,0.833
@BBC,23,Fri Dec 01 09:02:06 +0000 2017,Advent calendars are back! Why not wash down your chocolate breakfast with a festive Christmas smoothie? üçä üéÑ Via‚Ä¶ https://t.co/AxWzJw6tto,0.5093,0.171,0.0,0.829
@BBC,24,Fri Dec 01 08:44:23 +0000 2017,"RT @BBCSpringwatch: Today is the first day of winter - or is it? 
https://t.co/Z1EhZvY3B8 https://t.co/MhRY6AmfjM",0.0,0.0,0.0,1.0
@BBC,25,Fri Dec 01 08:44:13 +0000 2017,"RT @bbcthree: ""Some boys can marry boys, and some girls can marry girls.""

3 kids take on relationships. https://t.co/jpivtYs73H",0.0,0.0,0.0,1.0
@BBC,26,Fri Dec 01 08:43:21 +0000 2017,RT @BBCWthrWatchers: Happy #MeteorologicalWinter! https://t.co/TafPMdAsiO,0.6114,0.499,0.0,0.501
@BBC,27,Fri Dec 01 08:43:18 +0000 2017,"RT @BBC_Teach: Rosa Parks' brave refusal to give up her bus seat took place #onthisday in 1955.

Your Primary pupils can find out about her‚Ä¶",0.5267,0.124,0.0,0.876
@BBC,28,Fri Dec 01 08:43:08 +0000 2017,RT @BBCiPlayer: üòâ Mood board.  #TommyShelby https://t.co/nuDTKGKFyy,0.0,0.0,0.0,1.0
@BBC,29,Fri Dec 01 08:40:03 +0000 2017,"If all animals had the rational thinking &amp; self-awareness that humans do, our species (&amp; the planet) would be in fo‚Ä¶ https://t.co/HDLTAM9XZO",0.0,0.0,0.0,1.0
@BBC,30,Fri Dec 01 08:20:04 +0000 2017,How Marianne Faithfull became the wide-eye poster girl for the swinging 60s. ‚òÆ‚úåÔ∏è https://t.co/PLDthOlCbf https://t.co/nGcaq50zhp,0.0,0.0,0.0,1.0
@BBC,31,Fri Dec 01 08:00:06 +0000 2017,"Isaiah Acosta was born without a jaw. But that hasn't stopped him becoming a rapper, with some help from‚Ä¶ https://t.co/tRZk2rxqZ9",0.5213,0.214,0.0,0.786
@BBC,32,Fri Dec 01 07:38:05 +0000 2017,üíé‚òÑ The German town encrusted with diamonds. https://t.co/KSrdi3nk4R https://t.co/6ysALAE3zF,0.0,0.0,0.0,1.0
@BBC,33,Thu Nov 30 20:35:05 +0000 2017,The twin Voyager space probes have beamed revolutionary information for 40 years. #Storyville The Farthest: Voyager‚Ä¶ https://t.co/QPMfkVcIkw,0.0,0.0,0.0,1.0
@BBC,34,Thu Nov 30 20:02:03 +0000 2017,Host @SaraPascoe introduces @LarryDeanComedy and @GaryDelaney to the stage. #LiveAtTheApollo. 10pm on @BBCTwo. üåü ü§£‚Ä¶ https://t.co/htdXbDaBet,0.0,0.0,0.0,1.0
@BBC,35,Thu Nov 30 19:33:02 +0000 2017,When your birthday falls on the same day as #StAndrewsDay üòÇ Via @BBCTheSocial https://t.co/ULr3DAJRdk,0.0,0.0,0.0,1.0
@BBC,36,Thu Nov 30 19:00:08 +0000 2017,"üöÄüåç To mark the launch of a free-to-download BBC VR project, 3 astronauts give us their impressions of floating abov‚Ä¶ https://t.co/HWiW3BSJzm",0.2263,0.095,0.0,0.905
@BBC,37,Thu Nov 30 18:33:03 +0000 2017,What a duo! We still can't get over @CraigDavid and @BastilleDan's performance of #IKnowYou on #SLFN. üëè üé∂ üíû Via‚Ä¶ https://t.co/0j5ZxKPgWq,0.0,0.0,0.0,1.0
@BBC,38,Thu Nov 30 18:00:13 +0000 2017,üéû‚ù§Ô∏èÔ∏è Debbie Reynolds and Carrie Fisher - Hollywood's greatest couple. https://t.co/D2I3S0LAZt https://t.co/gJcLDusupa,0.6369,0.296,0.0,0.704
@BBC,39,Thu Nov 30 17:27:05 +0000 2017,Mel Gibson's impression of Sean Connery is incredible. üòÇ Via @BBCOne. https://t.co/a020G1KXkJ,0.2263,0.16,0.0,0.84
@BBC,40,Thu Nov 30 17:00:18 +0000 2017,"Castles, colours and Christmas lights - these are your pictures of Scotland from last week. üì∏üòç‚Ä¶ https://t.co/YVnZH93DWh",0.0,0.0,0.0,1.0
@BBC,41,Thu Nov 30 16:46:25 +0000 2017,"RT @bbc5live: Happy 20th birthday to the World Football Phone-In! üéÇ

@dotunadebayo will be joined by an audience of fans and special guests‚Ä¶",0.7712,0.251,0.0,0.749
@BBC,42,Thu Nov 30 16:32:03 +0000 2017,Celebrate #StAndrewsDay with Mary Berry's classic Cranachan recipe. üç® https://t.co/kJ7f44shyE https://t.co/Oqs8UnJrmK,0.5719,0.291,0.0,0.709
@BBC,43,Thu Nov 30 16:25:30 +0000 2017,RT @BBCNews: Charities see increase in dogs being dumped or sent to rescue centres as Christmas approaches https://t.co/D7zgMkNz4l,0.7269,0.345,0.106,0.549
@BBC,44,Thu Nov 30 16:25:14 +0000 2017,RT @BBCTwo: The emotional moment this Blitz survivor reads an essay he wrote 75 years ago... üò¢ #Blitz https://t.co/YMYL9QvJes,0.4767,0.204,0.0,0.796
@BBC,45,Thu Nov 30 16:25:02 +0000 2017,RT @bbcweather: Walking in a winter wonderland... A few chilly-looking scenes posted by our Weather Watchers earlier. Jo #SnowWatch https:/‚Ä¶,0.0,0.0,0.0,1.0
@BBC,46,Thu Nov 30 16:23:02 +0000 2017,RT @bbcweather: Wondering if it will #snow where you are later? Here's a snapshot of the forecast from 6pm through to early tomorrow. Jo #S‚Ä¶,0.0,0.0,0.0,1.0
@BBC,47,Thu Nov 30 16:22:48 +0000 2017,RT @bbcpress: Divine! First look at John Hamm in @BBCTwo's #GoodOmens: https://t.co/FurO7z8wi3 https://t.co/lQqVQgxxSF,0.5983,0.245,0.0,0.755
@BBC,48,Thu Nov 30 16:02:14 +0000 2017,"üçæ‚ú®üì∫ This year, Christmas treats on @BBCTwo include Nigella Lawson, The League of Gentlemen, Alan Partridge and Joan‚Ä¶ https://t.co/UxRFn5ctrA",0.0,0.0,0.0,1.0
@BBC,49,Thu Nov 30 15:30:05 +0000 2017,Imagine having Andy Murray as your mentor! Via @BBCSport. https://t.co/OFDw1pJelR,0.0,0.0,0.0,1.0
@BBC,50,Thu Nov 30 14:59:03 +0000 2017,"From @MaryJBlige's 'No More Drama' to @MileyCyrus' 'Wrecking Ball', here are 6 emotional music videos that made the‚Ä¶ https://t.co/FgLJhBolUZ",-0.1531,0.081,0.111,0.808
@BBC,51,Thu Nov 30 14:33:05 +0000 2017,"Did you know that Saint Andrew is also the patron saint of Romania, Greece, Russia, Ukraine and Poland?‚Ä¶ https://t.co/zX1JOMuF2g",0.0,0.0,0.0,1.0
@BBC,52,Thu Nov 30 14:00:14 +0000 2017,"Is Die Hard a Christmas movie? üéÑüî´ üéÅ
People are claiming it is and it‚Äôs tearing the internet apart.‚Ä¶ https://t.co/2TUIDf7Ycl",-0.6486,0.0,0.249,0.751
@BBC,53,Thu Nov 30 13:30:06 +0000 2017,Four women have frank and honest conversations with their grans about some of their most memorable first times. üëµ‚Ä¶ https://t.co/x0H0idp7LD,0.5106,0.148,0.0,0.852
@BBC,54,Thu Nov 30 13:00:09 +0000 2017,Could more women soldiers make the Army stronger? üí™ https://t.co/3BCXAJZlnO https://t.co/F1n1zztAtq,0.3818,0.224,0.0,0.776
@BBC,55,Thu Nov 30 12:33:01 +0000 2017,This simulator is designed to help train teachers in the US on what to do in the event of a school shooting. Via‚Ä¶ https://t.co/IxWWf8I9Jy,0.4019,0.109,0.0,0.891
@BBC,56,Thu Nov 30 12:00:09 +0000 2017,"Ever dreamed of going to space? Now you can see those dreams come true, with the BBC's new VR spacewalk. üöÄ‚òÑ‚Ä¶ https://t.co/0HgKrUMPlQ",0.6705,0.216,0.0,0.784
@BBC,57,Thu Nov 30 11:33:03 +0000 2017,Today is #StAndrewsDay! But how much do you know about Scotland's patron saint? Take this quiz to test your knowled‚Ä¶ https://t.co/zhoN3b4LIB,0.0,0.0,0.0,1.0
@BBC,58,Thu Nov 30 11:03:32 +0000 2017,"RT @BBC_Teach: üö®1 hour to go till our Pablo #BBCLiveLessons with @CBeebiesHQüö®

Have you got an art-related question for Pablo's art directo‚Ä¶",0.0,0.0,0.0,1.0
@BBC,59,Thu Nov 30 09:02:06 +0000 2017,What a voice! We're loving @Tom_Grennan‚Äôs #SLFN performance of ‚ÄòFound What I‚Äôve Been Looking For'. üëè üåü Via @BBCMusic https://t.co/fXaCmJvUOI,0.636,0.208,0.0,0.792
@BBC,60,Thu Nov 30 08:40:06 +0000 2017,Trolltunga is one of Norway‚Äôs most famous geological sites ‚Äì and one of its most controversial. Via @BBC_Travel.‚Ä¶ https://t.co/eLNyQqs8OH,-0.2716,0.0,0.11,0.89
@BBC,61,Thu Nov 30 08:20:04 +0000 2017,All work and no rest? These seven tips will help you strike a better balance. https://t.co/kXQKTFsR9t https://t.co/YLqaWTkg99,0.4404,0.263,0.174,0.563
@BBC,62,Thu Nov 30 08:03:02 +0000 2017,"By 2050, 70% of the world's population will be living in cities. The @TWBBC podcast explains how we will cope. üèô‚Ä¶ https://t.co/RWDVKpxzN3",0.0,0.0,0.0,1.0
@BBC,63,Thu Nov 30 07:38:04 +0000 2017,Some myths about babies and what brings on labour have proved remarkably persistent. üë∂ @BBC_Future put them under t‚Ä¶ https://t.co/bWkliGWweo,0.0,0.0,0.0,1.0
@BBC,64,Wed Nov 29 19:48:10 +0000 2017,"RT @BBCNewsAsia: In land-scarce Singapore, 'vertical villages' are the way to go: https://t.co/OT5rsMXXA4 https://t.co/dzkRBSkBB0",0.0,0.0,0.0,1.0
@BBC,65,Wed Nov 29 19:45:53 +0000 2017,"RT @BBCNewsbeat: ""America's loss is our gain,"" says the Duchess of Cornwall about Meghan Markle üíñ https://t.co/7zaa4HmTQ8",-0.3182,0.0,0.133,0.867
@BBC,66,Wed Nov 29 19:43:46 +0000 2017,RT @BBCScotlandNews: Three beavers have been released into the wild as part of a programme to reintroduce the animals to Scotland. More: ht‚Ä¶,0.0,0.0,0.0,1.0
@BBC,67,Wed Nov 29 19:41:46 +0000 2017,RT @BBCEngland: Archaeologists believe they've discovered the landing site for Julius Caesar‚Äôs invasion of Britain https://t.co/jm2I3ZOG1E‚Ä¶,0.0,0.0,0.0,1.0
@BBC,68,Wed Nov 29 19:38:12 +0000 2017,RT @bbcweather: Your fabulous photos of Wales: https://t.co/5LTQHRwsKF Jo https://t.co/lbxqbT4vGi,0.5267,0.274,0.0,0.726
@BBC,69,Wed Nov 29 19:36:04 +0000 2017,"RT @bbcmusic: We are SO EXCITED to welcome the amazing @Palomafaith as this week's #SLFN guest host! 
Which songs do you hope she sings?
Wa‚Ä¶",0.9439,0.418,0.0,0.582
@BBC,70,Wed Nov 29 19:35:48 +0000 2017,RT @BBCFood: Are you Christmassing yet? üéÑ #nevertoosoon #mincepie https://t.co/IVYo26i3cP https://t.co/nR2Xh7EKOe,0.0,0.0,0.0,1.0
@BBC,71,Wed Nov 29 19:35:44 +0000 2017,"RT @bbcthesocial: Teaching the police sign language (sort of) üòÇ 

#ScotSquad (via @BBCScotland) https://t.co/WQlW4xo2oI",0.0,0.0,0.0,1.0
@BBC,72,Wed Nov 29 19:28:04 +0000 2017,üéºüéª What's the perfect musical accompaniment for a gloomy winter's night? https://t.co/0a74H9sFHP https://t.co/IWbQCRhpgo,0.4767,0.242,0.105,0.654
@BBC,73,Wed Nov 29 19:05:03 +0000 2017,"Tonight, Mary visits Scone Palace, the epicentre of Scottish history. Mary Berry's Country House Secrets. 8pm on‚Ä¶ https://t.co/QYEEPXBZH8",0.0,0.0,0.0,1.0
@BBC,74,Wed Nov 29 18:33:04 +0000 2017,"üìª In the Victorian era, trousers were referred to as 'inexpressibles'. üóØüëñ This is how the words we use for swearing‚Ä¶ https://t.co/o98Z5W7MrT",0.0,0.0,0.0,1.0
@BBC,75,Wed Nov 29 18:03:05 +0000 2017,When Will Ferrell sang an entire Whitney Houston song at a graduation ceremony. üòÇ üéì Via @BBCOne https://t.co/LkS5FYTXKx,0.0,0.0,0.0,1.0
@BBC,76,Wed Nov 29 17:29:04 +0000 2017,Girl celebrating her 21st birthday receives flowers from Dad who died of cancer five years ago. üíï üíê‚Ä¶ https://t.co/uyJgLAsfV4,-0.6486,0.139,0.3,0.562
@BBC,77,Wed Nov 29 17:05:05 +0000 2017,"When @McInTweet is in disguise and you get a big surprise, that's amore! üçïüé§üé∂ #MichaelMcIntyresBigShow Via @BBCOne https://t.co/nznsdfjzDR",0.1007,0.123,0.103,0.774
@BBC,78,Wed Nov 29 16:33:12 +0000 2017,"üì∫üéÑüéÅ Call The Midwife, Mary Berry's Christmas Party, Doctor Who, 300 Years of French &amp; Saunders and more! Coming to‚Ä¶ https://t.co/nz2i4YfhR7",0.4574,0.13,0.0,0.87
@BBC,79,Wed Nov 29 16:09:40 +0000 2017,RT @BBCWthrWatchers: Will we have a white Christmas? https://t.co/Dt5JDMiPFg #snow https://t.co/AcJFRoykSW,0.0,0.0,0.0,1.0
@BBC,80,Wed Nov 29 14:00:11 +0000 2017,‚ÄòGateway to hell‚Äô ‚Äî the treacherous strait of water that nearly killed literary legend George Orwell.‚Ä¶ https://t.co/2SC4gqQgEL,-0.6705,0.0,0.231,0.769
@BBC,81,Wed Nov 29 13:39:49 +0000 2017,RT @bbccomedy: What do Princes William and Harry call the Queen in private? ü§îüòÇüëë @HaveIgotnews @stephbreakfast https://t.co/zmuflJywW6,0.0,0.0,0.0,1.0
@BBC,82,Wed Nov 29 13:30:02 +0000 2017,"Can this sniffer dog find @AlanDavies1? üê∂

#QI via @BBCTwo.
Watch on @BBCiPlayer. üëâ https://t.co/8GlsOYI8Ej https://t.co/IjRHLZIdmk",0.0,0.0,0.0,1.0
@BBC,83,Wed Nov 29 13:03:03 +0000 2017,Why I want my best friend and me to get couples therapy. üë≠ üí¨ https://t.co/2zCKRy25Wk https://t.co/PvZrlYo86Y,0.8271,0.465,0.0,0.535
@BBC,84,Wed Nov 29 12:28:04 +0000 2017,üìª Is this the end of 'manspreading'? People on social media are calling for women to claim their own space on publi‚Ä¶ https://t.co/ceqejPdavF,0.0,0.0,0.0,1.0
@BBC,85,Wed Nov 29 12:03:01 +0000 2017,Big Shaq was NOT impressed with @scott_mills' impression of @djkhaled. üòÇ Via @BBCR1 https://t.co/XXQ5VOqNCZ,0.6124,0.312,0.0,0.688
@BBC,86,Wed Nov 29 11:59:42 +0000 2017,"RT @BBCOne: Welcome to the family business.

@jginorton stars in #McMafia. Coming soon to @BBCOne. https://t.co/wykft8zQmS",0.4588,0.167,0.0,0.833
@BBC,87,Wed Nov 29 11:41:26 +0000 2017,"'Being a child of the 80s, all I wanted was to be a teenybopper.' üòÇ 

10 things we learned from @NaomiAKlein's‚Ä¶ https://t.co/PsgS905mnA",0.0,0.0,0.0,1.0
@BBC,88,Wed Nov 29 11:27:33 +0000 2017,"RT @BBCTwo: Ryan has one of the most extreme cases of Tourette's in the UK, but he's determined to land his dream job. #EmployableMe https:‚Ä¶",0.6808,0.196,0.0,0.804
@BBC,89,Wed Nov 29 11:23:54 +0000 2017,RT @BBCTwo: Fancy an exclusive look at the next episode of #PeakyBlinders? Arthur's found himself in a precarious situation... üò± https://t.‚Ä¶,0.128,0.077,0.0,0.923
@BBC,90,Wed Nov 29 09:36:43 +0000 2017,"RT @BBCRadio4: So @NaomiAKlein's #DesertIslandDiscs was amazing. Here's what we learnt, in a numbered list. https://t.co/UHlFyQr8ic /1",0.5859,0.202,0.0,0.798
@BBC,91,Wed Nov 29 09:33:03 +0000 2017,Barber Shop Chronicles writer @InuaEllams shares his top culture picks. üìö üé¨ üé≠ https://t.co/zz3cAAkQ4q https://t.co/itkJbyvggg,0.4588,0.286,0.0,0.714
@BBC,92,Wed Nov 29 09:02:06 +0000 2017,What is the capital of Thailand called? The answer might surprise you... üáπ Via @BBCWorldService https://t.co/5H2G23XZaa,0.2732,0.13,0.0,0.87
@BBC,93,Wed Nov 29 08:45:04 +0000 2017,"'My father put me through hell.' üéæ
Jelena Dokic's career success came at a heavy personal price.‚Ä¶ https://t.co/KNkkJVYdoS",0.5719,0.198,0.0,0.802
@BBC,94,Wed Nov 29 08:42:09 +0000 2017,"RT @bbcgetinspired: This is an amazing idea. üôå

Forget the gym! Mermaiding is the new fitness trend that will give you a great workout üßú‚Äç‚ôÄÔ∏è‚Ä¶",0.8553,0.33,0.061,0.609
@BBC,95,Wed Nov 29 08:37:54 +0000 2017,RT @TWBBC: Your phone could help stop disease epidemics. Imagine one day having a biochip which tests for diseases like Zika. (via @Wellcom‚Ä¶,0.4588,0.197,0.083,0.72
@BBC,96,Wed Nov 29 08:37:30 +0000 2017,"RT @CBeebiesHQ: Children at school draw a surgeon, a fighter pilot, and a firefighter.

üë©‚Äç‚öïÔ∏èüë©‚Äç‚úàÔ∏èüë©‚Äçüöí

Most draw them as men.üë®

#RedrawTheBal‚Ä¶",0.1531,0.086,0.0,0.914
@BBC,97,Wed Nov 29 08:36:59 +0000 2017,"RT @bbcpress: üéÅ A special Christmas gift from @BBCiPlayer. Boxsets of drama, natural history, comedy, family favourites, #EastEnders specia‚Ä¶",0.8625,0.449,0.0,0.551
@BBC,98,Wed Nov 29 08:33:05 +0000 2017,Ever wondered how a smartphone is put together? üì± Via @BBCClick https://t.co/APUJaqh7aO,0.0,0.0,0.0,1.0
@BBC,99,Wed Nov 29 08:00:06 +0000 2017,ü§ñüò¨ Artificial Intelligence could overtake humanity by 2045. https://t.co/owm2Hzn3qu https://t.co/XCfxZg85pA,0.4767,0.256,0.0,0.744
@CBS,0,Fri Dec 01 22:43:05 +0000 2017,Reminisce with these classic photos and get ready to relive the magic when The Carol Burnett 50th Anniversary Speci‚Ä¶ https://t.co/yJQEzCjoSA,0.3612,0.116,0.0,0.884
@CBS,1,Fri Dec 01 22:15:28 +0000 2017,"RT @LivinBiblically: In the beginning, there was Chip. And lo! Chip had a revelation. #LivingBiblically is a new comedy premiering Monday,‚Ä¶",0.4199,0.134,0.0,0.866
@CBS,2,Fri Dec 01 21:00:12 +0000 2017,"Discover these pro football stars' off-the-field talents in MVP: Most Valuable Performer, airing Jan 25 on CBS! Fin‚Ä¶ https://t.co/g8jSRW8mQf",0.7707,0.282,0.0,0.718
@CBS,3,Fri Dec 01 20:17:18 +0000 2017,"Find out when #BigBrother celebrity edition, #AmazingRace, #Survivor, new drama @instinctcbs and new comedy‚Ä¶ https://t.co/4Psl74zcCB",0.0,0.0,0.0,1.0
@CBS,4,Fri Dec 01 19:32:18 +0000 2017,Actress @BethBehrs explains why Carol Burnett is her hero! Celebrate her lasting influence with The Carol Burnett 5‚Ä¶ https://t.co/Lnt5P9jEu0,0.8221,0.309,0.0,0.691
@CBS,5,Fri Dec 01 18:40:34 +0000 2017,"RT @instinctcbs: New drama #Instinct, starring @Alancumming, premieres Sunday, March 11 on @CBS! https://t.co/aaL0JXpqav",0.0,0.0,0.0,1.0
@CBS,6,Fri Dec 01 18:16:37 +0000 2017,"RT @AmazingRaceCBS: On your marks... #AmazingRace returns Wednesday, January 3! https://t.co/XMSJSUymUZ",0.0,0.0,0.0,1.0
@CBS,7,Fri Dec 01 18:10:11 +0000 2017,RT @CBSBigBrother: Mark. Your. Calendars. The celebrity edition of #BigBrother premieres February 7! https://t.co/nP3Do6jTwM,0.0,0.0,0.0,1.0
@CBS,8,Fri Dec 01 14:00:04 +0000 2017,The Angels await you... catch up on the world's most celebrated fashion show now! Watch the full 2017‚Ä¶ https://t.co/xfYDbEzpfX,0.6893,0.251,0.0,0.749
@CBS,9,Fri Dec 01 12:00:03 +0000 2017,"Comedy stars Amy Poehler, Bill Hader, @MayaRudolph &amp; @TraceeEllisRoss give the legendary Tarzan yell a try- but no‚Ä¶ https://t.co/lrrHE2f9Nv",0.1901,0.093,0.0,0.907
@CBS,10,Fri Dec 01 01:31:30 +0000 2017,Action-adventure series 'Blood &amp; Treasure' has been picked up for broadcast in Summer 2019: https://t.co/gAjqbF5bYh https://t.co/3cTBH9AKFI,0.296,0.128,0.0,0.872
@CBS,11,Thu Nov 30 21:10:19 +0000 2017,Carol Burnett visited @TheTalkCBS to discuss how she got her start in show business! Watch The Carol Burnett 50th A‚Ä¶ https://t.co/EyqmFWZHEC,0.0,0.0,0.0,1.0
@CBS,12,Thu Nov 30 20:54:39 +0000 2017,"The world's most beloved fairy tales are reimagined as a dark &amp; twisted psychological thriller in ""Tell Me A Story,‚Ä¶ https://t.co/CytIswrRj1",0.6115,0.227,0.0,0.773
@CBS,13,Thu Nov 30 17:40:02 +0000 2017,RT @RansomCBS: #Ransom star @luke_j_roberts on set in Budapest for Season 2! https://t.co/rgC5ylqSMp,0.0,0.0,0.0,1.0
@CBS,14,Thu Nov 30 17:30:05 +0000 2017,Comic @JayLeno reflects on the major impression Carol Burnett left on him. Celebrate The Carol Burnett 50th Anniver‚Ä¶ https://t.co/PIakndHJt1,0.6808,0.248,0.0,0.752
@CBS,15,Thu Nov 30 15:00:05 +0000 2017,"Watch #BrunoMars perform ""That's What I Like"" in Bruno Mars: 24K Magic Live at the Apollo: https://t.co/hAFcB9HpE3 https://t.co/I7ZWHdDYCP",0.3612,0.135,0.0,0.865
@CBS,16,Thu Nov 30 12:00:03 +0000 2017,"Watch #BrunoMars perform ""24K Magic"" in Bruno Mars: 24K Magic Live at the Apollo: https://t.co/UgD4fC5cS6 https://t.co/iTGKJSbjwY",0.0,0.0,0.0,1.0
@CBS,17,Thu Nov 30 07:52:09 +0000 2017,Missed Bruno Mars: 24K Magic Live at the Apollo Theater? Keep up! Watch the full show: https://t.co/itXpGB5gRm‚Ä¶ https://t.co/nkRMIUd2Df,-0.3595,0.0,0.128,0.872
@CBS,18,Thu Nov 30 04:09:55 +0000 2017,RT @CWatkinsTV: That. Was. Amazing! #BrunoMars,0.6239,0.45,0.0,0.55
@CBS,19,Thu Nov 30 04:00:27 +0000 2017,The stage is üî•üî• #BrunoMars https://t.co/nykrDH46Bs,0.0,0.0,0.0,1.0
@CBS,20,Thu Nov 30 03:59:09 +0000 2017,RT @anitakearney65: I could watch this all night #Brunomars #BrunosTvSpecial so much fun to watch OMG,0.5542,0.204,0.0,0.796
@CBS,21,Thu Nov 30 03:55:37 +0000 2017,Everybody put your hands up! #BrunoMars https://t.co/jU7NyttAqv,0.0,0.0,0.0,1.0
@CBS,22,Thu Nov 30 03:51:38 +0000 2017,RT @Sara_nurse: My 2yr old niece heard @BrunoMars and is now up singing and dancing #BrunosTVSpecial #BrunoMars,0.0,0.0,0.0,1.0
@CBS,23,Thu Nov 30 03:44:54 +0000 2017,"RT @AllieNY86: His voice is mesmerizing 
#BrunoMars",0.0,0.0,0.0,1.0
@CBS,24,Thu Nov 30 03:37:13 +0000 2017,RT @BrunoMars: We love you MARY!!!! ‚ù§Ô∏è #BrunosTvSpecial,0.7482,0.434,0.0,0.566
@CBS,25,Thu Nov 30 03:35:13 +0000 2017,RT @RDMichelleLNK: Loving a dose of #BrunoMars midweek. So amazing!,0.8513,0.542,0.0,0.458
@CBS,26,Thu Nov 30 03:33:32 +0000 2017,We‚Äôre only halfway into the show. Get ready for more of your favorite #BrunoMars tunes! https://t.co/BJh0PeX864,0.7232,0.302,0.0,0.698
@CBS,27,Thu Nov 30 03:23:03 +0000 2017,"When #BrunoMars tells you to pick up the phone, that‚Äôs exactly what you do. https://t.co/JZDS26h3lL",0.0,0.0,0.0,1.0
@CBS,28,Thu Nov 30 03:11:31 +0000 2017,RT @MargoSlade: Best way to relax after a hard day of work watching #BrunoMars on #BrunosTVSpecial my heart is the happiest,0.8979,0.394,0.049,0.557
@CBS,29,Thu Nov 30 03:09:54 +0000 2017,RT @Tiffany48184: Now that's how you open up a show!!!!! #BrunoMars,0.0,0.0,0.0,1.0
@CBS,30,Thu Nov 30 03:07:20 +0000 2017,RT if you‚Äôre ready to party with #BrunoMars!! https://t.co/o4qQoKOzgH,0.6988,0.452,0.0,0.548
@CBS,31,Thu Nov 30 03:06:38 +0000 2017,RT @BrunoMars: POP POP!!üí•üí• everyone tweet #BrunosTvSpecial! We on!!!! üçæ,0.0,0.0,0.0,1.0
@CBS,32,Thu Nov 30 03:03:15 +0000 2017,RT @Queentassia14: Bruno Mars Live at the Apollo!!!! Yeah I have to wake up at like 4 am for work.... but it's worth it. #BrunoMars #Brunos‚Ä¶,0.7067,0.246,0.0,0.754
@CBS,33,Thu Nov 30 03:02:34 +0000 2017,RT @asbstar30: BRUNO #BrunoMars,0.0,0.0,0.0,1.0
@CBS,34,Thu Nov 30 02:59:59 +0000 2017,"Get on your feet, and prepare to dance. #BrunoMars is hitting the stage! https://t.co/yOyq8JlMZj",0.0,0.0,0.0,1.0
@CBS,35,Thu Nov 30 02:45:03 +0000 2017,"Pop pop, it's showtime! Bruno Mars: 24K Magic Live at the Apollo starts at 10/9c on CBS, or try 1 month FREE of CBS‚Ä¶ https://t.co/cpCSYDKieM",0.6514,0.158,0.0,0.842
@CBS,36,Thu Nov 30 00:06:05 +0000 2017,Calling all Bruno Mars' lovelies... don't miss Bruno Mars: 24K Magic Live at the Apollo tonight @ 10/9c on CBS &amp; CB‚Ä¶ https://t.co/nGOgukLMx9,0.1139,0.064,0.0,0.936
@CBS,37,Wed Nov 29 23:20:13 +0000 2017,You'll treasure this special night with #BrunoMars! Find out how to watch Bruno Mars: 24K Magic Live at the Apollo‚Ä¶ https://t.co/qF2eRcJLSJ,0.6825,0.228,0.0,0.772
@CBS,38,Wed Nov 29 23:15:24 +0000 2017,RT @BrunoMars: Ladies put your hoops on tonight! Fellas break out that good cologne! #BrunosTvSpecial is airing on @CBS! What y‚Äôall trynna‚Ä¶,0.5826,0.152,0.0,0.848
@CBS,39,Wed Nov 29 23:14:57 +0000 2017,RT @YoungSheldon: Sheldon will do whatever it takes to get his hands on his own computer in tomorrow's all-new episode of #YoungSheldon! ht‚Ä¶,0.0,0.0,0.0,1.0
@CBS,40,Wed Nov 29 23:13:40 +0000 2017,RT @survivorcbs: What drama will ensue on back-to-back episodes of #Survivor tonight? Watch a sneak peek now: https://t.co/LHcxyClSw1 https‚Ä¶,0.0,0.0,0.0,1.0
@CBS,41,Wed Nov 29 22:34:56 +0000 2017,Discover every reason why #BrunoMars is 24K Magic! Watch Bruno Mars: 24K Magic Live at the Apollo tonight @ 10/9c o‚Ä¶ https://t.co/oaPjvl3rSW,0.0,0.0,0.0,1.0
@CBS,42,Wed Nov 29 21:07:33 +0000 2017,Did you catch these tiny moments during the 2017 Victoria's Secret Fashion Show? Find out what you may have missed:‚Ä¶ https://t.co/IIyupot9uU,0.0,0.0,0.0,1.0
@CBS,43,Wed Nov 29 20:41:13 +0000 2017,RT @funnyordie: Live! Watch Tim Meadows and Patrick Brammall of @NoActivityCBS play themselves in new 8-bit video game! https://t.co/nXCuHO‚Ä¶,0.4559,0.142,0.0,0.858
@CBS,44,Wed Nov 29 15:00:07 +0000 2017,The 'Only Angel' @Harry_Styles saw last night were the ones on the runway! Watch him perform at the #VSFashionShow:‚Ä¶ https://t.co/na8GAiZwmS,0.0,0.0,0.0,1.0
@CBS,45,Wed Nov 29 12:00:06 +0000 2017,This entire collection is drop-dead gorgeous. See all the most sizzling looks from the 2017 #VSFashionShow:‚Ä¶ https://t.co/zpTKXcm05r,0.6124,0.2,0.0,0.8
@CBS,46,Wed Nov 29 09:09:48 +0000 2017,"Stars @Miguel, @Harry_Styles, @leslieodomjr &amp; more set the tone for a truly incredible show! Watch all the musical‚Ä¶ https://t.co/kmo4l3aGai",0.4926,0.158,0.0,0.842
@CBS,47,Wed Nov 29 08:39:05 +0000 2017,Some of the best moments happen behind the scenes! Here's your backstage pass to the 2017 Victoria's Secret Fashion‚Ä¶ https://t.co/S8MpOnhC6b,0.6696,0.191,0.0,0.809
@CBS,48,Wed Nov 29 08:22:35 +0000 2017,"From the sky-high heels to the jaw-dropping wings, these outfits are fashion goals! See all the best looks from the‚Ä¶ https://t.co/GnyZ8NnBYH",0.6696,0.183,0.0,0.817
@CBS,49,Wed Nov 29 07:56:05 +0000 2017,Missed the world‚Äôs most celebrated fashion show? Catch up on your own time and watch the entire 2017 Victoria's Sec‚Ä¶ https://t.co/9OuYvHItzh,0.4201,0.158,0.087,0.754
@CBS,50,Wed Nov 29 06:41:12 +0000 2017,"RT @VictoriasSecret: That‚Äôs a wrap on the 2017 #VSFashionShow!! BIG thanks to the Angels, the people of Shanghai &amp; YOU for watching! https:‚Ä¶",0.5826,0.152,0.0,0.848
@CBS,51,Wed Nov 29 04:13:05 +0000 2017,Want to relive all of your favorite #VSFashionShow runway moments?  @GIPHY has you covered. https://t.co/mgfziAQR4c,0.5106,0.249,0.0,0.751
@CBS,52,Wed Nov 29 04:02:16 +0000 2017,"RT @vannalovescats: Another successful show. I‚Äôm so proud of all of the beautiful ladies, they all did amazing. The musical guests were FAN‚Ä¶",0.9476,0.449,0.0,0.551
@CBS,53,Wed Nov 29 04:00:58 +0000 2017,55 Models. 88 Looks. 1 FABULOUS Night. #VSFashionShow https://t.co/TmYqRjDRE5,0.6289,0.371,0.0,0.629
@CBS,54,Wed Nov 29 03:57:07 +0000 2017,Two. Million. Dollar. Bra. üòÆ  #VSFashionShow https://t.co/4dp7RbMHlp,0.0,0.0,0.0,1.0
@CBS,55,Wed Nov 29 03:56:08 +0000 2017,RT @exclvdes: HARRY SINGING ANGEL FOR THE ANGELS HAS ME CRYING #VSFashionShow,-0.5904,0.0,0.258,0.742
@CBS,56,Wed Nov 29 03:53:09 +0000 2017,RT @victoriaa_POW: how does one become a vs angel overnight......asking for a friend #vsfashionshow,0.4939,0.225,0.0,0.775
@CBS,57,Wed Nov 29 03:52:28 +0000 2017,RT @MzShortNSweet_: Guys it's almost done... I can notüò©üíÜüèæüíñüíïüòò‚ú® #VSFashionShow,0.0,0.0,0.0,1.0
@CBS,58,Wed Nov 29 03:47:11 +0000 2017,Absolute goddess. #VSFashionShow https://t.co/cSCwwFltQW,0.0,0.0,0.0,1.0
@CBS,59,Wed Nov 29 03:45:32 +0000 2017,FIERCE. #VSFashionShow https://t.co/VNlXH4Z3kJ,0.0,0.0,0.0,1.0
@CBS,60,Wed Nov 29 03:42:10 +0000 2017,RT @__lowens: Is it just me or are the models this year EXTRA beautiful? #Diversity #VSFashionShow,0.5994,0.206,0.0,0.794
@CBS,61,Wed Nov 29 03:39:21 +0000 2017,RT @Ceci20GS: Can‚Äôt believe this is @AngelAlessandra last walk üò≠#VSFashionShow,0.0,0.0,0.0,1.0
@CBS,62,Wed Nov 29 03:36:37 +0000 2017,RT @JustHedyJ: All these ladies are so beautiful I love them all. #VSFashionShow,0.8878,0.486,0.0,0.514
@CBS,63,Wed Nov 29 03:34:35 +0000 2017,üíñ #VSFashionShow https://t.co/Vs9sktkL8c,0.0,0.0,0.0,1.0
@CBS,64,Wed Nov 29 03:26:10 +0000 2017,"It's not about how we fall, it's about how we get up. #VSFashionShow https://t.co/NCe08O8OjU",0.0,0.0,0.0,1.0
@CBS,65,Wed Nov 29 03:22:53 +0000 2017,Runway ready! #VSFashionShow https://t.co/tUeJ2A6xRx,0.4199,0.482,0.0,0.518
@CBS,66,Wed Nov 29 03:22:27 +0000 2017,RT @VictoriasSecret: That VOICE üò±! @leslieodomjr making us actually excited for ‚ùÑ. #VSFashionShow https://t.co/peaKzrveKi,0.4003,0.172,0.0,0.828
@CBS,67,Wed Nov 29 03:20:56 +0000 2017,RT @SaraSampaio: It‚Äôs show time! Tune in now on cbs #vsfashionshow https://t.co/u75WfqCJr7,0.0,0.0,0.0,1.0
@CBS,68,Wed Nov 29 03:18:45 +0000 2017,These Angels can do anything. üëä #VSFashionShow https://t.co/7vz0zSz6Yc,0.0,0.0,0.0,1.0
@CBS,69,Wed Nov 29 03:16:50 +0000 2017,"RT @airfly111: IT'S MY FAVORITE NIGHT OF THE YEAR! #VSFashionShow
üôå‚ù§Ô∏è",0.6155,0.287,0.0,0.713
@CBS,70,Wed Nov 29 03:11:29 +0000 2017,Porcelain perfection. üòò  #VSFashionShow https://t.co/XQe14ycc1j,0.5719,0.552,0.0,0.448
@CBS,71,Wed Nov 29 03:10:51 +0000 2017,RT @EbtheCeleb: Saaaaannnngg Miguel #VSFashionShow,0.0,0.0,0.0,1.0
@CBS,72,Wed Nov 29 03:07:06 +0000 2017,When you know you SLAYED your walk. #VSFashionShow https://t.co/ZXVwioihIP,0.0,0.0,0.0,1.0
@CBS,73,Wed Nov 29 03:04:59 +0000 2017,.@Harry_Styles is killing it on stage right now. #VSFashionShow https://t.co/TtJHP1ZPOM,-0.6597,0.0,0.328,0.672
@CBS,74,Wed Nov 29 02:56:00 +0000 2017,"Grab your bestie, it‚Äôs time for the #VSFashionShow! https://t.co/0lqrCDrsBA",0.0,0.0,0.0,1.0
@CBS,75,Wed Nov 29 02:53:04 +0000 2017,This is what Tuesday night dreams are made of. Stay in with the #VSFashionShow tonight at 10/9c on CBS! Use code LE‚Ä¶ https://t.co/Gzp3guuj8A,0.4574,0.12,0.0,0.88
@CBS,76,Wed Nov 29 02:24:15 +0000 2017,The #VSFashionShow Angels have arrived on the PINK Carpet! See them here: https://t.co/rWLPkoL3A1 https://t.co/CNCskef9xu,0.0,0.0,0.0,1.0
@CBS,77,Wed Nov 29 00:43:55 +0000 2017,Get in the holiday spirit tonight with a classic special! Watch Rudolph the Red-Nosed Reindeer at 8/7c on CBS.‚Ä¶ https://t.co/TbTrPebanb,0.75,0.316,0.0,0.684
@CBS,78,Tue Nov 28 23:38:24 +0000 2017,"Join the Angels in Shanghai at the 2017 #VSFashionShow tonight @ 10/9c on CBS, or stream it live on CBS All Access:‚Ä¶ https://t.co/UZ6omchwEt",0.296,0.095,0.0,0.905
@CBS,79,Tue Nov 28 23:02:06 +0000 2017,"Tomorrow night, Bruno Mars will take you on a joyride with Bruno Mars: 24K Live at the Apollo at 10/9c on CBS and C‚Ä¶ https://t.co/XjmvRDmshi",0.2732,0.084,0.0,0.916
@CBS,80,Tue Nov 28 21:33:30 +0000 2017,"Over 250,000 crystals adorn Angel Elsa Hosk's stunning look! Don't miss the #VSFashionShow tonight @ 10/9c on CBS:‚Ä¶ https://t.co/I7Cj01F1XO",0.6412,0.294,0.0,0.706
@CBS,81,Tue Nov 28 20:36:19 +0000 2017,"RT @CBSThisMorning: WATCH: @BrunoMars sits down with @GayleKing ahead of Wednesday‚Äôs #24KMagic Live special at @ApolloTheater on @CBS!  

F‚Ä¶",0.4574,0.143,0.0,0.857
@CBS,82,Tue Nov 28 19:35:16 +0000 2017,It's almost showtime! Head backstage with the Angels &amp; performers @Miguel and @LeslieOdomJr as they prepare for the‚Ä¶ https://t.co/G7tzZiUG6Z,0.0,0.0,0.0,1.0
@CBS,83,Tue Nov 28 17:00:03 +0000 2017,"She's an Angel! Tonight, @Harry_Styles hits the runway at the #VSFashionShow @ 10/9c on CBS &amp; CBS All Access:‚Ä¶ https://t.co/PowmtV0e9V",0.0,0.0,0.0,1.0
@CBS,84,Tue Nov 28 15:31:01 +0000 2017,"Craving more fashion?

Go behind the scenes LIVE on Facebook at 6:15ET before tonight‚Äôs #VSFashionShow with @etnow‚Äô‚Ä¶ https://t.co/YkZSxzXsVo",0.0,0.0,0.0,1.0
@CBS,85,Tue Nov 28 15:00:05 +0000 2017,Spread your wings &amp; fly to Shanghai tonight! Here's how to watch the #VSFashionShow @ 10/9c on CBS &amp; CBS All Access‚Ä¶ https://t.co/pixsXXIN1w,0.0,0.0,0.0,1.0
@CBS,86,Tue Nov 28 14:25:21 +0000 2017,"Congrats to Jay-Z, @KendrickLamar, @BrunoMars, @Lorde, @LadyGaga and all the 2018 #GRAMMYs nominees! See the comple‚Ä¶ https://t.co/KLX6VHIfX7",0.5707,0.187,0.0,0.813
@CBS,87,Tue Nov 28 01:37:07 +0000 2017,Go backstage with the Angels as they get ready to walk the runway! Watch the #VSFashionShow tomorrow at 10/9c on CB‚Ä¶ https://t.co/o98pKc51Zq,0.4199,0.117,0.0,0.883
@CBS,88,Tue Nov 28 00:09:46 +0000 2017,Bruno Mars is taking over New York City this Wed with Bruno Mars: 24K Magic Live at the Apollo! Tune in @ 10/9c on‚Ä¶ https://t.co/A871bmdHiU,0.0,0.0,0.0,1.0
@CBS,89,Mon Nov 27 22:03:36 +0000 2017,"Tomorrow, don't miss the sexiest night on television when the #VSFashionShow airs @ 10/9c on CBS, or stream it with‚Ä¶ https://t.co/O00i3BItsG",0.1139,0.071,0.0,0.929
@CBS,90,Mon Nov 27 20:02:27 +0000 2017,Make all your streams come true with a 1-month FREE trial of #CBSAllAccess. Use promo code LETSGO by 12/4:‚Ä¶ https://t.co/G9trBBmefn,0.7804,0.287,0.0,0.713
@CBS,91,Mon Nov 27 18:32:06 +0000 2017,"Singer-songwriter @JoshGroban will headline the #Home4Holidays adoption special along with @kelly_clarkson,‚Ä¶ https://t.co/EgzxIsLhjv",0.4019,0.197,0.0,0.803
@CBS,92,Mon Nov 27 12:01:03 +0000 2017,"Tomorrow, don't miss @Harry_Styles perform alongside the Angels at the #VSFashionShow! Tune in at 10/9c on CBS &amp; CB‚Ä¶ https://t.co/a0fxt0rqUf",0.1867,0.084,0.0,0.916
@CBS,93,Mon Nov 27 00:53:16 +0000 2017,Due to #NFL football overrun #CBS is delayed in east &amp; central time zones. New start times #60minutes 7:46ET/6:46CT‚Ä¶ https://t.co/tA6gF7rkGX,-0.2263,0.0,0.091,0.909
@CBS,94,Mon Nov 27 00:16:34 +0000 2017,"RT @RecordingAcad: Two days left 'til #GRAMMYs nominations! üôå Are you excited? 

RT if you're counting down with us! üé∂ https://t.co/11tdE0k‚Ä¶",0.4559,0.142,0.0,0.858
@CBS,95,Mon Nov 27 00:15:41 +0000 2017,"Spread some holiday cheer with the heartwarming Christmas classic, The Story of Santa Claus! Watch the full special‚Ä¶ https://t.co/3TQ6qjpzK6",0.8553,0.37,0.0,0.63
@CBS,96,Sun Nov 26 23:17:42 +0000 2017,Glimpse the Angels' breathtaking ensembles before the Victoria's Secret Fashion Show! Watch the #VSFashionShow Tues‚Ä¶ https://t.co/OaDQQZsoHW,0.5093,0.18,0.0,0.82
@CBS,97,Sun Nov 26 21:01:23 +0000 2017,"In 2 days, supermodels like @BellaHadid will strut the runway in Shanghai at the 2017 #VSFashionShow, Tues @ 10/9c‚Ä¶ https://t.co/Bx7ou8GgSc",0.3612,0.128,0.0,0.872
@CBS,98,Sun Nov 26 15:00:05 +0000 2017,"Uh, look out! Bruno Mars: 24K Magic Live at the Apollo airs Wednesday at 10/9c on CBS and CBS All Access! https://t.co/l4slX4oNou",0.0,0.0,0.0,1.0
@CBS,99,Sun Nov 26 12:00:01 +0000 2017,"In one week, celebrate with Carol Burnett &amp; friends with The Carol Burnett 50th Anniversary Special, Sunday, Dec. 3‚Ä¶ https://t.co/mlZQYYYGik",0.8591,0.358,0.0,0.642
@CNN,0,Sat Dec 02 01:00:02 +0000 2017,"American Airlines says there will be enough pilots available to cover all of its December flights, despite a schedu‚Ä¶ https://t.co/bhZF44Nb1D",0.0,0.0,0.0,1.0
@CNN,1,Sat Dec 02 00:50:04 +0000 2017,"Senate Republicans may vote to strengthen Obamacare short-term to win over lawmakers, even as it weakens the health‚Ä¶ https://t.co/ZW5IsoCA2e",0.5859,0.25,0.094,0.656
@CNN,2,Sat Dec 02 00:40:09 +0000 2017,The Senate is about to vote on a tax bill it's still writing | Analysis by @zbyronwolf¬†https://t.co/UxxdePpBNv https://t.co/Xwz1IhCrmj,0.0,0.0,0.0,1.0
@CNN,3,Sat Dec 02 00:30:15 +0000 2017,"As TV networks grapple with the sexual misconduct allegations lodged against their big stars, a major lingering que‚Ä¶ https://t.co/CzkglP7PrD",0.0,0.0,0.0,1.0
@CNN,4,Sat Dec 02 00:20:09 +0000 2017,"President Trump is expected to announce that the US recognizes Jerusalem as Israel's capital, US officials with dir‚Ä¶ https://t.co/BsHdUCql7d",0.0,0.0,0.0,1.0
@CNN,5,Sat Dec 02 00:10:04 +0000 2017,"Michael Flynn: From ""lock her up"" to (maybe) locked up | Analysis by @GregJKrieg https://t.co/tRZkAaTyup https://t.co/dAt2r8pq8l",0.0,0.0,0.0,1.0
@CNN,6,Sat Dec 02 00:03:53 +0000 2017,"RT @CNNSitRoom: .@evanperez explains why Michael Flynn's plea agreement was ""an incredible deal"" https://t.co/4Hx0XH4D5t  https://t.co/Adgw‚Ä¶",0.4939,0.186,0.0,0.814
@CNN,7,Sat Dec 02 00:02:03 +0000 2017,Join hosts @andersoncooper &amp; @KellyRipa in just a few weeks to honor all this year's Top 10 #CNNHeroes! Vote now at‚Ä¶ https://t.co/RUGXYixw0G,0.7574,0.294,0.0,0.706
@CNN,8,Fri Dec 01 23:50:05 +0000 2017,"GOP Rep. Blake Farenthold settled a sexual harassment complaint brought by an aide with taxpayer money in 2014, acc‚Ä¶ https://t.co/PyjrxXwdr5",-0.6908,0.0,0.251,0.749
@CNN,9,Fri Dec 01 23:40:05 +0000 2017,A former National Security Agency employee pleaded guilty Friday to taking sensitive national defense information f‚Ä¶ https://t.co/K2S1GtJpv4,0.0258,0.198,0.142,0.66
@CNN,10,Fri Dec 01 23:30:03 +0000 2017,German police defuse device near Christmas market outside Berlin https://t.co/r4yQdDrR5y https://t.co/ftEmTHek3O,0.0,0.0,0.0,1.0
@CNN,11,Fri Dec 01 23:20:06 +0000 2017,A man's tattoo left doctors debating whether to save his life https://t.co/pOS6iivPYO https://t.co/0vlvW3AXEB,0.4939,0.225,0.0,0.775
@CNN,12,Fri Dec 01 23:10:07 +0000 2017,Russian Parliament plans to ban American journalists https://t.co/9iHZZ8aAZG https://t.co/xvjzFbimgN,-0.5574,0.0,0.31,0.69
@CNN,13,Fri Dec 01 23:00:15 +0000 2017,How President Trump has disparaged the Russia investigation https://t.co/LYHeVi4GIw https://t.co/UuGhS4kub9,-0.34,0.0,0.211,0.789
@CNN,14,Fri Dec 01 22:50:04 +0000 2017,The court filings from former Trump national security adviser Michael Flynn's plea hearing show special counsel Rob‚Ä¶ https://t.co/PdUDOGToCl,0.6249,0.242,0.0,0.758
@CNN,15,Fri Dec 01 22:40:06 +0000 2017,How Kate Steinle's case became one of the biggest trials of the year https://t.co/0Ej3KkTLs0 https://t.co/VzGG65mnXj,0.0,0.0,0.0,1.0
@CNN,16,Fri Dec 01 22:30:07 +0000 2017,"A man tried to mimic a TV stunt -- and set off a massive fire that damaged 32 buildings, displaced at least 18 peop‚Ä¶ https://t.co/8YGM6basut",-0.6486,0.0,0.209,0.791
@CNN,17,Fri Dec 01 22:20:08 +0000 2017,Fire risk prompts new rules for 'Smart Bags' on American Airlines flights https://t.co/IoM7dZuxgl https://t.co/yPbEq7BQPt,-0.2023,0.148,0.247,0.604
@CNN,18,Fri Dec 01 22:10:13 +0000 2017,Geraldo Rivera apologizes to Bette Midler after she accused him earlier this week of drugging and groping her in th‚Ä¶ https://t.co/2ObKhYtVVK,0.0772,0.105,0.093,0.802
@CNN,19,Fri Dec 01 22:00:07 +0000 2017,Former President Obama met with the Dalai Lama in India on Friday https://t.co/nTZXw27vOe https://t.co/NijIgEjvgr,0.0,0.0,0.0,1.0
@CNN,20,Fri Dec 01 21:45:13 +0000 2017,Exclusive: Clinton and Sanders campaign managers call tax reform a 'golden opportunity' for Dems to win 'every demo‚Ä¶ https://t.co/U7EfAj4byO,0.7964,0.351,0.0,0.649
@CNN,21,Fri Dec 01 21:32:06 +0000 2017,"Jared Kushner is the very senior Trump team member who told Michael Flynn to contact the Russian ambassador, source‚Ä¶ https://t.co/uwvcD83fPu",0.0,0.0,0.0,1.0
@CNN,22,Fri Dec 01 21:25:17 +0000 2017,"RT @TheLeadCNN: Why did Flynn lie about his conversations with the Russian ambassador?

Why has the White House told you so many lies about‚Ä¶",-0.4728,0.0,0.118,0.882
@CNN,23,Fri Dec 01 21:20:07 +0000 2017,"Matt Lauer ""will not be paid past his last day of work,"" a senior NBC source says https://t.co/cl0vWESsF7 https://t.co/Oi5rUWhK6J",0.0,0.0,0.0,1.0
@CNN,24,Fri Dec 01 21:10:07 +0000 2017,A McDonald's manager who gave police a loaded gun that led to the arrest of a suspect in a series of killings in Ta‚Ä¶ https://t.co/N9HT3M1d4M,-0.8885,0.0,0.404,0.596
@CNN,25,Fri Dec 01 20:59:45 +0000 2017,"You won't find studies in humans that prove chicken soup can fight a cold, but there's enough evidence to make it w‚Ä¶ https://t.co/A7MFe3siU1",-0.2023,0.0,0.079,0.921
@CNN,26,Fri Dec 01 20:43:58 +0000 2017,Police officer adopts homeless mother's opioid-addicted newborn https://t.co/mfIiuO1TFZ https://t.co/k9kfMHyN4H,0.1779,0.175,0.0,0.825
@CNN,27,Fri Dec 01 20:30:08 +0000 2017,The world's biggest lithium ion battery has started delivering power in Australia. It uses wind and can power as ma‚Ä¶ https://t.co/vYRkJn1wJo,0.0,0.0,0.0,1.0
@CNN,28,Fri Dec 01 20:20:11 +0000 2017,"""The presence of God today is also called Rohingya"": Pope Francis referred to the Rohingya people, Myanmar's persec‚Ä¶ https://t.co/MepSk5DUlh",0.2732,0.104,0.0,0.896
@CNN,29,Fri Dec 01 20:10:07 +0000 2017,"Thanks to the giant advertisement that is ""Star Wars,"" Ireland's ruggedly beautiful Skellig Islands are feeling the‚Ä¶ https://t.co/NSDfGOJefQ",0.8074,0.356,0.0,0.644
@CNN,30,Fri Dec 01 20:00:16 +0000 2017,An independent report faults police over planning and failure to protect the public at Charlottesville rally that l‚Ä¶ https://t.co/ZA2wkgNtzp,-0.5859,0.104,0.256,0.64
@CNN,31,Fri Dec 01 19:50:05 +0000 2017,Here's what we've learned in court and from filings about the Michael Flynn case https://t.co/GkGiDluocv https://t.co/oVtKmJXJQ4,0.0,0.0,0.0,1.0
@CNN,32,Fri Dec 01 19:41:07 +0000 2017,Hillary Clinton and Bernie Sanders campaign managers call tax reform a 'golden opportunity' for Democrats to win 'e‚Ä¶ https://t.co/hwaRou1MSi,0.765,0.292,0.0,0.708
@CNN,33,Fri Dec 01 19:33:43 +0000 2017,The market had a slight panic attack on the news that Michael Flynn may testify against President Trump. But it did‚Ä¶ https://t.co/ETZfY2HQSS,-0.7506,0.0,0.252,0.748
@CNN,34,Fri Dec 01 19:21:06 +0000 2017,"Shortly after former Trump national security adviser Michael Flynn pleaded guilty to lying to the FBI, former FBI D‚Ä¶ https://t.co/6sb09NCGYD",-0.5859,0.094,0.242,0.664
@CNN,35,Fri Dec 01 19:11:32 +0000 2017,"Sen. Mark Warner, the top Democrat on the Senate Intelligence Committee, says Michael Flynn was obviously in a ""gre‚Ä¶ https://t.co/JmoL0m0FWB",0.5994,0.224,0.0,0.776
@CNN,36,Fri Dec 01 19:00:17 +0000 2017,German police defuse device near Christmas market outside Berlin https://t.co/1VmCuGDJBu https://t.co/HxBFrZlIld,0.0,0.0,0.0,1.0
@CNN,37,Fri Dec 01 18:55:11 +0000 2017,"RT @CNNPolitics: Sen. Mark Warner, the top Democrat on the Senate intel committee, says the Trump team ""can't distance themselves"" from Mic‚Ä¶",0.2023,0.079,0.0,0.921
@CNN,38,Fri Dec 01 18:45:12 +0000 2017,"62 years ago, Rosa Parks stood up for civil rights by sitting down https://t.co/biQ5JYg89Q https://t.co/XCcL4AparB",0.0,0.0,0.0,1.0
@CNN,39,Fri Dec 01 18:34:06 +0000 2017,"The Justice Department is considering bringing federal charges against Jose Ines Garcia Zarate, the man found not g‚Ä¶ https://t.co/JgGRCmJMVy",0.3182,0.151,0.093,0.756
@CNN,40,Fri Dec 01 18:29:23 +0000 2017,"RT @CNNPolitics: CNN's @jimsciutto: In your view, has the President lied about his team's communications with Russia?

Schiff: ""Abundantly‚Ä¶",-0.3818,0.0,0.126,0.874
@CNN,41,Fri Dec 01 18:20:23 +0000 2017,"Rep. Adam Schiff calls Flynn's guilty plea ""breathtaking,"" says this is ""the chief adviser to the President in term‚Ä¶ https://t.co/QlNvfdMLP2",-0.4215,0.0,0.128,0.872
@CNN,42,Fri Dec 01 18:16:05 +0000 2017,Lawmakers say panel investigating Michigan Democratic Rep. John Conyers not known for speed https://t.co/4cqQT7IKyv https://t.co/PUX5k3N3di,0.0,0.0,0.0,1.0
@CNN,43,Fri Dec 01 18:04:04 +0000 2017,"White House chief of staff John Kelly soured on Rex Tillerson after the Secretary of State's ""moron"" comment‚Ä¶ https://t.co/rLl6sn2Qia",0.0,0.0,0.0,1.0
@CNN,44,Fri Dec 01 17:52:04 +0000 2017,"If this proposed bill becomes law, executives could face jail time for not reporting data breaches in a timely mann‚Ä¶ https://t.co/B5ujPJrS2i",0.0,0.0,0.0,1.0
@CNN,45,Fri Dec 01 17:33:09 +0000 2017,"With Sen. Jeff Flake's newly announced support, Senate Republicans have the votes to pass their tax plan‚Ä¶ https://t.co/3sVrOQIfJi",0.4019,0.137,0.0,0.863
@CNN,46,Fri Dec 01 17:12:02 +0000 2017,"Nobel laureate Joseph Stiglitz says bitcoin ""ought to be outlawed"" https://t.co/9sO0qa6ys3",0.0,0.0,0.0,1.0
@CNN,47,Fri Dec 01 16:56:01 +0000 2017,Former Trump national security adviser Michael Flynn disclosed that he is cooperating with Special Counsel Mueller'‚Ä¶ https://t.co/Pxidtiq701,0.6249,0.254,0.0,0.746
@CNN,48,Fri Dec 01 16:50:07 +0000 2017,RT @CNNPolitics: WATCH: Michael Flynn departs the courthouse after pleading guilty to lying to the FBI about conversations with Russia‚Äôs am‚Ä¶,-0.7351,0.0,0.246,0.754
@CNN,49,Fri Dec 01 16:47:03 +0000 2017,"White House Lawyer Ty Cobb: ""Nothing about the guilty plea or the charge implicates anyone other than Mr. Flynn."" https://t.co/bl70IulW98",-0.0516,0.111,0.12,0.769
@CNN,50,Fri Dec 01 16:28:57 +0000 2017,BREAKING: Michael Flynn pleads guilty to making false statements to the FBI https://t.co/ur4KDLWjIs https://t.co/soQgF5Akto,-0.4215,0.0,0.177,0.823
@CNN,51,Fri Dec 01 16:21:45 +0000 2017,RT @CNNPolitics: All the times President Trump has insulted North Korea https://t.co/K44j17nmFx https://t.co/WIzDglf4kv,-0.5106,0.0,0.216,0.784
@CNN,52,Fri Dec 01 16:15:05 +0000 2017,"Chicago police tout 14% homicide drop, and concede there's more to do https://t.co/8uEIT4o7j4",-0.3818,0.0,0.247,0.753
@CNN,53,Fri Dec 01 16:08:29 +0000 2017,RT @CNNPolitics: The Department of Justice may bring charges against the man found not guilty in Kate Steinle's murder https://t.co/9Mzlzst‚Ä¶,-0.2658,0.201,0.238,0.561
@CNN,54,Fri Dec 01 15:26:11 +0000 2017,The updated docket describes this court proceeding as a ‚Äúplea agreement‚Äù hearing. Flynn is expected to plead guilty‚Ä¶ https://t.co/k0C0BuBHSv,0.0,0.0,0.0,1.0
@CNN,55,Fri Dec 01 15:25:45 +0000 2017,JUST IN: Michael Flynn arrives at the US District Courthouse in Washington. His hearing is scheduled for 10:30 a.m.‚Ä¶ https://t.co/S7PusClOvF,0.0,0.0,0.0,1.0
@CNN,56,Fri Dec 01 15:08:56 +0000 2017,Here's a look back at Michael Flynn's short stint as Trump's security adviser https://t.co/iBogd873XV https://t.co/GYfHlvtcZ1,0.34,0.156,0.0,0.844
@CNN,57,Fri Dec 01 15:05:05 +0000 2017,Flynn was a key campaign surrogate and adviser during Trump's presidential campaign. He was tapped as Trump's natio‚Ä¶ https://t.co/5WxM5D6rSN,0.0,0.0,0.0,1.0
@CNN,58,Fri Dec 01 15:04:06 +0000 2017,Here's what you need to know about Michael Flynn: https://t.co/wwHiOiSaPx https://t.co/NQDO8oQmUJ,0.0,0.0,0.0,1.0
@CNN,59,Fri Dec 01 14:46:26 +0000 2017,"JUST IN: Michael Flynn is expected to plead guilty to the charge of ""willfully and knowingly"" making ""false, fictit‚Ä¶ https://t.co/F9m0YxWXsK",-0.4215,0.0,0.128,0.872
@CNN,60,Fri Dec 01 14:43:04 +0000 2017,"Michael Flynn is due to appear in court later Friday morning, a court spokesperson said. The White House declined t‚Ä¶ https://t.co/Pf0I0eI5N6",0.0,0.0,0.0,1.0
@CNN,61,Fri Dec 01 14:39:15 +0000 2017,Flynn is the first Trump admin official and the fourth connected to the campaign to be charged as part of Mueller's‚Ä¶ https://t.co/acVUJbK1oC,-0.2023,0.0,0.079,0.921
@CNN,62,Fri Dec 01 14:34:13 +0000 2017,"Special counsel Robert Mueller has charged former Trump national security adviser Michael Flynn with ""willfully and‚Ä¶ https://t.co/4ZNqaBeZWt",0.5106,0.244,0.086,0.67
@CNN,63,Fri Dec 01 14:20:53 +0000 2017,The world's biggest lithium ion battery has started delivering power in Australia. It uses wind and can power as ma‚Ä¶ https://t.co/ol4As0kyiB,0.0,0.0,0.0,1.0
@CNN,64,Fri Dec 01 14:19:31 +0000 2017,BREAKING: Michael Flynn charged with making false statement to FBI https://t.co/nwAMpHZanh https://t.co/qo1Zv2TrrU,-0.2023,0.0,0.141,0.859
@CNN,65,Fri Dec 01 13:53:42 +0000 2017,"""The presence of God today is also called Rohingya"": Pope Francis referred to the Rohingya people, Myanmar's persec‚Ä¶ https://t.co/SrwjKL2dKQ",0.2732,0.104,0.0,0.896
@CNN,66,Fri Dec 01 13:38:30 +0000 2017,Police officer adopts homeless mother's opioid-addicted newborn https://t.co/JmARTqRf8D https://t.co/xPO5Q9qudU,0.1779,0.175,0.0,0.825
@CNN,67,Fri Dec 01 12:55:54 +0000 2017,"American Airlines is making employees undergo anti-racism training after the NAACP issued a ""travel advisory"" for t‚Ä¶ https://t.co/4mhtwqYWha",0.0,0.0,0.0,1.0
@CNN,68,Fri Dec 01 12:44:41 +0000 2017,"Thanks to the giant advertisement that is ""Star Wars,"" Ireland's ruggedly beautiful Skellig Islands are feeling the‚Ä¶ https://t.co/egF5H05bIP",0.8074,0.356,0.0,0.644
@CNN,69,Fri Dec 01 12:29:31 +0000 2017,Could brands save millions and help preserve the environment just by slightly changing their logos to use less ink?‚Ä¶ https://t.co/dxkAPIUf6R,0.7096,0.247,0.0,0.753
@CNN,70,Fri Dec 01 12:21:27 +0000 2017,"You won't find studies in humans that prove chicken soup can fight a cold, but there's enough evidence to make it w‚Ä¶ https://t.co/vExXRhma6T",-0.2023,0.0,0.079,0.921
@CNN,71,Fri Dec 01 12:09:43 +0000 2017,Masculinity in the Middle East: Confronting stereotypes through photography https://t.co/cDYZbRbI9d https://t.co/BenC3soKT1,-0.1531,0.0,0.138,0.862
@CNN,72,Fri Dec 01 12:01:42 +0000 2017,"""Many girls are told to drop out of school and go get married."" Life as a young woman with HIV in Uganda:‚Ä¶ https://t.co/ckH0SpbDcD",-0.2732,0.0,0.091,0.909
@CNN,73,Fri Dec 01 11:54:21 +0000 2017,Meltwater from Greenland is the biggest source of sea level rise in the world -- double that of Antarctica. See how‚Ä¶ https://t.co/DzQol6U3CM,0.0,0.0,0.0,1.0
@CNN,74,Fri Dec 01 11:43:20 +0000 2017,"Chinese actress Liu Yifei, also known as Crystal Liu, has scored the title role in the live-action version of Disne‚Ä¶ https://t.co/o4zhqmZSB3",0.0,0.0,0.0,1.0
@CNN,75,Fri Dec 01 11:29:49 +0000 2017,A hoard of fossilized pterosaur eggs discovered in China is helping scientists gain rare insight into the extinct f‚Ä¶ https://t.co/drdij7SMfq,0.6808,0.248,0.0,0.752
@CNN,76,Fri Dec 01 11:15:01 +0000 2017,"The UK Prime Minister's de facto deputy has been accused of having ""thousands"" of thumbnail pornographic images on‚Ä¶ https://t.co/3hEiojfDiS",-0.296,0.0,0.109,0.891
@CNN,77,Fri Dec 01 11:04:01 +0000 2017,A war with North Korea would be hell and millions could die | @CNNOpinion https://t.co/BE9yq2rR8C https://t.co/qwZlBOiAjY,-0.9246,0.0,0.53,0.47
@CNN,78,Fri Dec 01 10:49:48 +0000 2017,25 of India's most luxurious hotels https://t.co/HtpXQvekEH https://t.co/ipkfP4TRci,0.0,0.0,0.0,1.0
@CNN,79,Fri Dec 01 10:35:41 +0000 2017,The world's biggest lithium ion battery has started delivering power in Australia. It uses wind and can power as ma‚Ä¶ https://t.co/znOL1gZyAP,0.0,0.0,0.0,1.0
@CNN,80,Fri Dec 01 10:28:36 +0000 2017,The White House is seriously considering recognizing Jerusalem as the capital of Israel before the end of the year‚Ä¶ https://t.co/vJztY3UabN,-0.1779,0.0,0.082,0.918
@CNN,81,Fri Dec 01 10:14:36 +0000 2017,"Twitter on why it didn't delete anti-Muslim tweets: ""To help ensure people have an opportunity to see every side of‚Ä¶ https://t.co/P7DwJDAnbn",0.7964,0.31,0.0,0.69
@CNN,82,Fri Dec 01 10:00:18 +0000 2017,"American Airlines is making employees undergo anti-racism training after the NAACP issued a ""travel advisory"" for t‚Ä¶ https://t.co/Ky4DpMaY7d",0.0,0.0,0.0,1.0
@CNN,83,Fri Dec 01 09:55:07 +0000 2017,"The United Nations urges Libya to take ""urgent action"" over human slavery https://t.co/DyEaCa1GV9 https://t.co/j079owyHi9",-0.296,0.225,0.235,0.539
@CNN,84,Fri Dec 01 09:44:06 +0000 2017,The one and only visible supermoon of 2017 will be observable to the entire world on December 3. Here's how to see‚Ä¶ https://t.co/FzNMWdVb4Y,0.0,0.0,0.0,1.0
@CNN,85,Fri Dec 01 09:32:04 +0000 2017,"The Saudi Royal Air Force intercepted and destroyed a ballistic missile launched from Yemen on Thursday, the Saudi‚Ä¶ https://t.co/QBuX2gjSNa",-0.4019,0.072,0.155,0.773
@CNN,86,Fri Dec 01 09:21:46 +0000 2017,"Footage shows North Korea's Hwasong-15 missile launch earlier this week. ""There are not a lot of countries who coul‚Ä¶ https://t.co/DOJaX3RGYz",0.0,0.0,0.0,1.0
@CNN,87,Fri Dec 01 09:13:03 +0000 2017,What you need to know about Friday's #WorldCupDraw https://t.co/GAr64voNzY via @CNNsport https://t.co/eiODjrBGvh,0.0,0.0,0.0,1.0
@CNN,88,Fri Dec 01 09:08:30 +0000 2017,Security personnel take position at a training school in northern Pakistan after Taliban militants stormed it on Fr‚Ä¶ https://t.co/lkvhtNUqzr,0.34,0.124,0.0,0.876
@CNN,89,Fri Dec 01 09:00:13 +0000 2017,"Japan's Emperor Akihito will stand down on April 30, 2019, becoming the first Japanese monarch to abdicate his post‚Ä¶ https://t.co/pZhZcqKwat",0.0,0.0,0.0,1.0
@CNN,90,Fri Dec 01 08:45:37 +0000 2017,Meltwater from Greenland is the biggest source of sea level rise in the world -- double that of Antarctica. See how‚Ä¶ https://t.co/9pus9flMMY,0.0,0.0,0.0,1.0
@CNN,91,Fri Dec 01 08:30:12 +0000 2017,Barnes &amp; Noble says sales fell 8% and losses soared this year. The reason: There was no new Harry Potter installmen‚Ä¶ https://t.co/r1Z7GUwcoG,-0.2263,0.112,0.182,0.706
@CNN,92,Fri Dec 01 08:15:12 +0000 2017,"The guy who took down President Trump's Twitter account says it was ""a mistake"" and that he actually admires Trump'‚Ä¶ https://t.co/L5tG9C6sxU",0.0258,0.105,0.1,0.795
@CNN,93,Fri Dec 01 07:50:04 +0000 2017,President Trump will donate his third-quarter salary to the Department of Health and Human Services' efforts to com‚Ä¶ https://t.co/hUg0w83sly,0.0,0.0,0.0,1.0
@CNN,94,Fri Dec 01 07:39:45 +0000 2017,"Following a Twitter spat, Jimmy Kimmel responds to Roy Moore: ""I accept the invitation. I will come down there""‚Ä¶ https://t.co/ffrtbgZOPs",0.3818,0.133,0.0,0.867
@CNN,95,Fri Dec 01 07:29:26 +0000 2017,A Texas fugitive accused of killing his girlfriend has been captured after more than 10 years on the run‚Ä¶ https://t.co/9FhknkOmGz,-0.765,0.0,0.28,0.72
@CNN,96,Fri Dec 01 07:15:36 +0000 2017,Here's why an oil embargo won't stop North Korea https://t.co/eZ76FiaKZO (via @CNNOpinion) https://t.co/RmpPij3hH0,0.2235,0.136,0.0,0.864
@CNN,97,Fri Dec 01 07:00:12 +0000 2017,"Following a CNN investigation, the Puerto Rican government has added three deaths to the official toll from Hurrica‚Ä¶ https://t.co/WrFvP5t6tU",0.0,0.0,0.0,1.0
@CNN,98,Fri Dec 01 06:51:24 +0000 2017,"Republican leaders race to find support for their tax bill just hours ahead of a critical vote, harkening back to t‚Ä¶ https://t.co/gtmMqh3p4J",0.1027,0.113,0.096,0.792
@CNN,99,Fri Dec 01 06:41:28 +0000 2017,"Footage shows North Korea's Hwasong-15 missile launch earlier this week. ""There are not a lot of countries who coul‚Ä¶ https://t.co/2Fe9VKuv81",0.0,0.0,0.0,1.0
@FoxNews,0,Sat Dec 02 00:50:53 +0000 2017,Hawaii tests nuclear warning sirens due to North Korea threat https://t.co/dDzBhViYIR https://t.co/kLwZ5ZCpuf,-0.7003,0.0,0.367,0.633
@FoxNews,1,Sat Dec 02 00:46:52 +0000 2017,"Marc Short: ‚ÄúThe tax cuts generate growth, and we need that growth to actually pay for our national security needs.‚Ä¶ https://t.co/i76sippQZL",0.6124,0.279,0.132,0.588
@FoxNews,2,Sat Dec 02 00:37:45 +0000 2017,"Marc Short: ‚ÄúThe corporate rate reduction helps to increase growth, helps to increase employment, and helps to incr‚Ä¶ https://t.co/SRdhP2Ayyl",0.9186,0.536,0.0,0.464
@FoxNews,3,Sat Dec 02 00:37:05 +0000 2017,"Marc Short: ‚ÄúOther countries have lowered their tax rates, which is why so many companies have relocated overseas,‚Ä¶ https://t.co/TEzZyHgHhi",-0.128,0.0,0.077,0.923
@FoxNews,4,Sat Dec 02 00:36:38 +0000 2017,"Ex-NSA employee admits he kept top secret information at home
 https://t.co/N6urx5jlVN",0.4588,0.308,0.0,0.692
@FoxNews,5,Sat Dec 02 00:26:39 +0000 2017,Mexican man deported from US 20 times gets 35 years for assaults on women https://t.co/7odgKP4hUL,-0.5423,0.0,0.2,0.8
@FoxNews,6,Sat Dec 02 00:17:28 +0000 2017,Judge Nap: How Flynn Plea Deal Could Lead to 'Constitutional Crisis' https://t.co/linN0fEwKV,-0.6249,0.0,0.272,0.728
@FoxNews,7,Sat Dec 02 00:09:18 +0000 2017,".@jpaceDC: ""What we've seen happen with the Mueller investigation is that it has tentacles everywhere. And part of‚Ä¶ https://t.co/UKyXXSq1lm",0.0,0.0,0.0,1.0
@FoxNews,8,Sat Dec 02 00:02:30 +0000 2017,"Baltimore records 319th homicide of year, surpassing 2016 https://t.co/prb1ftMGtV",0.0,0.0,0.0,1.0
@FoxNews,9,Fri Dec 01 23:45:01 +0000 2017,".@AmericanAir, pilots reach deal to avert holiday flight cancellations https://t.co/IsedWVtWJ5",0.2732,0.304,0.136,0.56
@FoxNews,10,Fri Dec 01 23:41:17 +0000 2017,"RT @MikeEmanuelFox: Senate GOP leaders say they have the votes to pass the tax bill - from #SpecialReport tonight:

https://t.co/2gh6XkGrwc",0.0,0.0,0.0,1.0
@FoxNews,11,Fri Dec 01 23:34:00 +0000 2017,"Two more arrested in brutal MS-13 murder where victim was maimed, decapitated https://t.co/SOGiMKKkVd",-0.9388,0.0,0.618,0.382
@FoxNews,12,Fri Dec 01 23:23:00 +0000 2017,VOLCANO SUNSET IN BALI: Officials have told people to evacuate the area near Mount Agung as it spews ash into the a‚Ä¶ https://t.co/i7sMfVTq5H,0.0,0.0,0.0,1.0
@FoxNews,13,Fri Dec 01 23:12:00 +0000 2017,Zodiac Killer: Detectives hope DNA will unlock murderer's ID at last https://t.co/se9eJLDhUV,-0.34,0.169,0.25,0.581
@FoxNews,14,Fri Dec 01 23:02:44 +0000 2017,Hawaii tests nuclear warning sirens due to North Korea threat https://t.co/RLRe31wcCr,-0.7003,0.0,0.392,0.608
@FoxNews,15,Fri Dec 01 22:58:59 +0000 2017,OPINION: Charles Wald: US doesn't need Qatar air base if Qatar won't support our fight against terrorism https://t.co/DVlVvCDjLd,-0.6882,0.091,0.285,0.624
@FoxNews,16,Fri Dec 01 22:54:22 +0000 2017,"Kate Steinle murder case explained, from Trump's comments to DOJ arrest warrant https://t.co/qZRSqk07If",-0.7964,0.0,0.392,0.608
@FoxNews,17,Fri Dec 01 22:51:44 +0000 2017,".@Richardafowler on Senate tax bill: ""I do think that this bill is missing how you deal with the middle class and e‚Ä¶ https://t.co/xnoHuKBQgN",-0.296,0.0,0.091,0.909
@FoxNews,18,Fri Dec 01 22:45:09 +0000 2017,".@RCamposDuffy on border security: ""I do think [@realDonaldTrump] is the one person who actually can make immigrati‚Ä¶ https://t.co/8GbADc8iLe",0.34,0.124,0.0,0.876
@FoxNews,19,Fri Dec 01 22:42:02 +0000 2017,RT @FoxBusiness: LIVE coverage of the Reagan National Defense Forum! As the North Korea threat intensifies is America prepared and can we p‚Ä¶,-0.3164,0.127,0.127,0.746
@FoxNews,20,Fri Dec 01 22:41:47 +0000 2017,".@TuckerCarlson: ""Democrats have made no meaningful effort to win [former Democratic voters] over. Instead they hav‚Ä¶ https://t.co/O5qOVq4eyR",0.5994,0.274,0.099,0.628
@FoxNews,21,Fri Dec 01 22:33:47 +0000 2017,.@Judgenap: How Flynn Plea Deal Could Lead to 'Constitutional Crisis' https://t.co/linN0fEwKV,-0.6249,0.0,0.291,0.709
@FoxNews,22,Fri Dec 01 22:30:03 +0000 2017,".@Richardafowler on Kate Steinle verdict: ""[Jose Zarate] does not represent the 11-million individuals who come to‚Ä¶ https://t.co/arktNXmhvW",0.1531,0.091,0.0,0.909
@FoxNews,23,Fri Dec 01 22:27:07 +0000 2017,".@RCamposDuffy on Kate Steinle verdict: ""Hispanics still want to live in a country that's safe, still want to live‚Ä¶ https://t.co/7iCyYr2QJ1",0.6249,0.321,0.0,0.679
@FoxNews,24,Fri Dec 01 22:20:03 +0000 2017,Here are the Republican senators to watch on tax reform https://t.co/HDp09V9za3,0.0,0.0,0.0,1.0
@FoxNews,25,Fri Dec 01 22:14:49 +0000 2017,DOJ files arrest warrant for illegal immigrant acquitted in Kate Steinle case https://t.co/41PlQKJuQg,-0.6124,0.111,0.333,0.556
@FoxNews,26,Fri Dec 01 22:14:36 +0000 2017,"Law enforcement errors inflamed Charlottesville violence, report says https://t.co/YRFMlFlI9x",-0.836,0.0,0.597,0.403
@FoxNews,27,Fri Dec 01 22:05:39 +0000 2017,"Al Franken under growing pressure to resign as groping claims mount, critics cite double standard - via‚Ä¶ https://t.co/p5fYEiHvoX",-0.6249,0.079,0.316,0.605
@FoxNews,28,Fri Dec 01 21:58:54 +0000 2017,"""Sanctuary cities is an alien smuggler's best friend."" ‚ÄîICE Acting Director Thomas Homan on illegal immigrant who k‚Ä¶ https://t.co/VFwJeA5IGP",0.1531,0.169,0.145,0.685
@FoxNews,29,Fri Dec 01 21:52:44 +0000 2017,"""Releasing a public safety threat back into the public: that was just wrong. It was stupid."" ‚ÄîICE Acting Director T‚Ä¶ https://t.co/UkRADrohKv",-0.5719,0.106,0.247,0.646
@FoxNews,30,Fri Dec 01 21:48:40 +0000 2017,"""He should have been in Mexico, rather than killing this young lady."" ‚ÄîICE Acting Director Thomas Homan on illegal‚Ä¶ https://t.co/ZqfSRaaHq1",-0.6597,0.0,0.188,0.812
@FoxNews,31,Fri Dec 01 21:41:44 +0000 2017,BREAKING: @TheJusticeDept files arrest warrant for illegal immigrant acquitted in Kate Steinle case https://t.co/QTYU3Ofqlq,-0.6124,0.105,0.316,0.579
@FoxNews,32,Fri Dec 01 21:40:47 +0000 2017,"""I was sickened by what I heard last night and the verdict. These sanctuary cities gotta be held accountable. This‚Ä¶ https://t.co/KoLj1Jy16L",-0.4404,0.069,0.152,0.779
@FoxNews,33,Fri Dec 01 21:39:00 +0000 2017,".@farenthold paid $84G sexual harassment settlement with taxpayer money, report says https://t.co/OgoJwpx0MQ",-0.5423,0.0,0.241,0.759
@FoxNews,34,Fri Dec 01 21:27:44 +0000 2017,".@SenatorLankford: ""When the @FBI talked to [Michael Flynn] in January he should have given the complete facts. He‚Ä¶ https://t.co/Ky5QDFl34V",0.0,0.0,0.0,1.0
@FoxNews,35,Fri Dec 01 21:13:14 +0000 2017,.@SenTedCruz: Flynn Guilty Plea Is 'Disappointing and Disturbing'  @dailybriefing   https://t.co/3MkpwhV3So,-0.8519,0.0,0.571,0.429
@FoxNews,36,Fri Dec 01 21:05:30 +0000 2017,Veteran's son seeking to return father's portraits of other WWII soldiers https://t.co/vIDUOvaD8N https://t.co/ZVD8iu8N1Q,0.0,0.0,0.0,1.0
@FoxNews,37,Fri Dec 01 21:03:44 +0000 2017,".@Ford sues @JohnCena for selling $500,000 GT supercar, violating contract https://t.co/mAKJYIOhCr",-0.1697,0.185,0.228,0.587
@FoxNews,38,Fri Dec 01 20:50:45 +0000 2017,.@MarkWarner on Flynn's Guilty Plea: It Goes 'Well Beyond' Lying to the @FBI #OutnumberedOT https://t.co/MUrDPFLlg6,-0.6249,0.103,0.305,0.591
@FoxNews,39,Fri Dec 01 20:47:44 +0000 2017,Shock as @Amazon delivery woman defecates on customer‚Äôs front yard while dropping off package https://t.co/tXGTU3ceow,-0.3818,0.0,0.157,0.843
@FoxNews,40,Fri Dec 01 20:26:54 +0000 2017,"JUST IN: Rex Tillerson is not leaving role as Secretary of State, @realDonaldTrump says https://t.co/j6kFI54KT8 https://t.co/9Gdq1FkhPI",0.0,0.0,0.0,1.0
@FoxNews,41,Fri Dec 01 19:55:21 +0000 2017,"Law enforcement errors inflamed Charlottesville violence, report says https://t.co/u16mnaNuET",-0.836,0.0,0.597,0.403
@FoxNews,42,Fri Dec 01 19:35:03 +0000 2017,"Moments ago, @TedCruz told @DanaPerino what he'd like to see happen in the wake of the not guilty verdict in the‚Ä¶ https://t.co/b5wncHAWAs",0.5248,0.191,0.057,0.752
@FoxNews,43,Fri Dec 01 19:29:05 +0000 2017,Flynn pleads guilty to false-statements charge in Russia probe https://t.co/p0SmXpxgKy,-0.4215,0.0,0.237,0.763
@FoxNews,44,Fri Dec 01 19:24:59 +0000 2017,".@tedcruz: ""Today's news was disappointing and disturbing. @GenFlynn has many decades of honorable service defendin‚Ä¶ https://t.co/WBtoQDPKIE",-0.4588,0.152,0.283,0.565
@FoxNews,45,Fri Dec 01 19:21:17 +0000 2017,".@tedcruz: ""We're on the verge of major historic tax cuts."" @dailybriefing https://t.co/WjT1NxeKtO",0.0,0.0,0.0,1.0
@FoxNews,46,Fri Dec 01 19:19:06 +0000 2017,".@tedcruz: ""The Senate should take up and pass Kate's Law."" @dailybriefing https://t.co/MR1x58Xfgk",0.0,0.0,0.0,1.0
@FoxNews,47,Fri Dec 01 19:18:22 +0000 2017,"Last night, @MichelleMalkin slammed the not guilty verdict in the Kate Steinle murder trial. https://t.co/xOwH95IJZj https://t.co/LSDPhfDFfD",-0.5875,0.109,0.286,0.605
@FoxNews,48,Fri Dec 01 19:14:52 +0000 2017,"""Our investigation is ongoing and I think what we owe the American people is all the facts."" - Sen. @MarkWarner on‚Ä¶ https://t.co/fLYdC2aMjn",0.0,0.0,0.0,1.0
@FoxNews,49,Fri Dec 01 19:03:57 +0000 2017,"""I'm anxious to hear General Flynn's full explanation of his contacts with the Russians. Clearly, he was willing to‚Ä¶ https://t.co/fvNsolgbkB",0.1779,0.119,0.088,0.793
@FoxNews,50,Fri Dec 01 19:01:17 +0000 2017,"""The one individual that still seems to deny that this is not a major issue is Donald Trump, and I just kind of won‚Ä¶ https://t.co/L61oI1KWXd",-0.34,0.0,0.098,0.902
@FoxNews,51,Fri Dec 01 18:58:14 +0000 2017,"""This is a story that you can't make it up. It's still remarkable to me..."" - Sen. @MarkWarner on Russia investigat‚Ä¶ https://t.co/i7oO2tMiRL",0.5574,0.159,0.0,0.841
@FoxNews,52,Fri Dec 01 18:56:19 +0000 2017,"""This investigation is going to continue in its bipartisan fashion, and we're going to get the job done."" - Sen.‚Ä¶ https://t.co/YTpikHFTOQ",0.0,0.0,0.0,1.0
@FoxNews,53,Fri Dec 01 18:50:19 +0000 2017,".@prattprattpratt threatens 'potential predator' imposter, warns female fans https://t.co/qufDJl4Fu3",-0.4588,0.0,0.364,0.636
@FoxNews,54,Fri Dec 01 18:34:25 +0000 2017,"Former @FBI Director James @Comey tweeted a Bible verse regarding ""justice"" after news that former National Securit‚Ä¶ https://t.co/NkSV5fE0Pv",0.0,0.0,0.0,1.0
@FoxNews,55,Fri Dec 01 18:34:22 +0000 2017,'Facts of Life' star Kim Fields reveals how she overcame the child star curse https://t.co/raxcUbDjS0,-0.5423,0.0,0.2,0.8
@FoxNews,56,Fri Dec 01 18:26:15 +0000 2017,".@CortesSteve: ""We are still so far away from collusion and particularly any collusion that is tied directly to‚Ä¶ https://t.co/sAVBpyuMFE",0.0,0.0,0.0,1.0
@FoxNews,57,Fri Dec 01 18:16:17 +0000 2017,Trump lawyer Ty Cobb responds to Mike Flynn guilty plea https://t.co/QLrm6NYyRr https://t.co/J0ioOdPzGU,-0.0516,0.169,0.182,0.649
@FoxNews,58,Fri Dec 01 18:10:35 +0000 2017,Zodiac Killer: Detectives hope DNA will unlock murderer's ID at last - via @CristinaCorbin https://t.co/4OLzbsIkyR,-0.34,0.151,0.224,0.625
@FoxNews,59,Fri Dec 01 18:08:39 +0000 2017,Massive New York fire started by amateur bladesmith attempting to imitate History Channel's 'Forged in Fire' https://t.co/pG4KpOJjml,-0.5859,0.0,0.242,0.758
@FoxNews,60,Fri Dec 01 18:06:49 +0000 2017,James Comey tweets 'justice' Bible verse after Flynn pleads guilty https://t.co/Mn4a5YdOcj,-0.4215,0.0,0.219,0.781
@FoxNews,61,Fri Dec 01 17:55:36 +0000 2017,".@BillHemmer: ""Ty Cobb, the attorney, this past hour said nothing about the guilty plea or the charge implicates an‚Ä¶ https://t.co/XDH6npWV2Q",0.6036,0.215,0.0,0.785
@FoxNews,62,Fri Dec 01 17:49:21 +0000 2017,".@LisaMarieBoothe: ""We know that the FBI was dishonest about the documents... Comey testified under oath he was tol‚Ä¶ https://t.co/RtwZU02vco",-0.5719,0.0,0.171,0.829
@FoxNews,63,Fri Dec 01 17:48:20 +0000 2017,"Clinton-Lynch tarmac meeting report triggered FBI hunt for leaker, new emails show https://t.co/tG57VQgUVG",0.0,0.0,0.0,1.0
@FoxNews,64,Fri Dec 01 17:47:46 +0000 2017,.@WaffleHouse customer cooks own meal as staffer sleeps https://t.co/VmphZ7hyR2,0.0,0.0,0.0,1.0
@FoxNews,65,Fri Dec 01 17:40:09 +0000 2017,"Last night, @larryelder slammed the verdict in the Kate Steinle trial. https://t.co/rhrTZiyAf0",0.1531,0.127,0.0,0.873
@FoxNews,66,Fri Dec 01 17:30:14 +0000 2017,"Moments ago, @RepMaxineWaters tweeted her thoughts in the wake of General Mike Flynn pleading guilty to a single co‚Ä¶ https://t.co/QSGSJmex2m",-0.4215,0.0,0.135,0.865
@FoxNews,67,Fri Dec 01 17:26:46 +0000 2017,".@SandraSmithFox: @SenateMajLdr tells @AP ""We have the votes"" for tax bill. https://t.co/E5dthviYcx",0.0,0.0,0.0,1.0
@FoxNews,68,Fri Dec 01 17:26:33 +0000 2017,"White House confident they have votes to pass Senate GOP tax plan -@brookefoxnews
https://t.co/VpMg9OHJ1O",0.4939,0.198,0.0,0.802
@FoxNews,69,Fri Dec 01 17:22:41 +0000 2017,.@GenFlynn pleads guilty to false-statements charge in Russia probe https://t.co/p0SmXpxgKy,-0.4215,0.0,0.237,0.763
@FoxNews,70,Fri Dec 01 17:15:07 +0000 2017,Blake Shelton sends message to grieving Quaboag students: I understand how you feel https://t.co/Lnr4jHiq8u,-0.5106,0.0,0.216,0.784
@FoxNews,71,Fri Dec 01 16:46:01 +0000 2017,Happening Now: Flynn departs court after guilty plea. https://t.co/ZnJfwCwaAu,-0.4215,0.0,0.259,0.741
@FoxNews,72,Fri Dec 01 16:43:27 +0000 2017,"White House confident they have votes to pass Senate GOP tax plan - via @brookefoxnews
https://t.co/VpMg9OHJ1O",0.4939,0.186,0.0,0.814
@FoxNews,73,Fri Dec 01 16:42:43 +0000 2017,Michael Flynn pleads guilty to false-statements charge in Russia probe https://t.co/p0SmXpxgKy,-0.4215,0.0,0.219,0.781
@FoxNews,74,Fri Dec 01 16:37:19 +0000 2017,"Moments ago, The @WhiteHouse @PressSec released a statement slamming the not guilty verdict in the Kate Steinle mur‚Ä¶ https://t.co/Q4O3WBTiuz",0.2235,0.118,0.073,0.809
@FoxNews,75,Fri Dec 01 16:36:41 +0000 2017,".@KenPaxtonTX: ""Thankfully our president is actually doing something about immigration."" https://t.co/N39sqtwudH",0.4215,0.219,0.0,0.781
@FoxNews,76,Fri Dec 01 16:32:28 +0000 2017,Michael Flynn pleads guilty to false-statements charge in Russia probe https://t.co/B23XSXamQR,-0.4215,0.0,0.219,0.781
@FoxNews,77,Fri Dec 01 16:24:23 +0000 2017,".@marykissel: ""This investigation has been ongoing for months and there's been absolutely no evidence turned up of‚Ä¶ https://t.co/1hGPRuAVWt",-0.3597,0.0,0.128,0.872
@FoxNews,78,Fri Dec 01 16:22:04 +0000 2017,"JUST IN: Michael Flynn pleads guilty to making false statements to the FBI, according to AP https://t.co/iul4g6XWGi",-0.4215,0.0,0.149,0.851
@FoxNews,79,Fri Dec 01 16:13:00 +0000 2017,News Alert: Michael Flynn tells court he wants to plead guilty. https://t.co/yP8H5iok0a,-0.1531,0.147,0.187,0.667
@FoxNews,80,Fri Dec 01 16:04:00 +0000 2017,".@marykissel: ""How Michael Flynn's name was leaked to the press... is the only crime other than this perjury that w‚Ä¶ https://t.co/VPjaDgueAr",-0.8472,0.0,0.338,0.662
@FoxNews,81,Fri Dec 01 15:59:05 +0000 2017,TUNE IN: Acting @ICEgov Director Thomas Homan joins @TeamCavuto on ‚ÄúYour World‚Äù at 4p ET on Fox News Channel! https://t.co/TQO0t12m7e,0.0,0.0,0.0,1.0
@FoxNews,82,Fri Dec 01 15:57:14 +0000 2017,Statement from @PressSec on the #KateSteinle Case. https://t.co/nrNCkXk3wD,0.0,0.0,0.0,1.0
@FoxNews,83,Fri Dec 01 15:55:50 +0000 2017,".@KenPaxtonTX: ""Thankfully our president is actually doing something about immigration."" https://t.co/3BHAjBYuDN",0.4215,0.219,0.0,0.781
@FoxNews,84,Fri Dec 01 15:53:52 +0000 2017,".@KenPaxtonTX: ""A man was deported 5 times, should've been deported again."" https://t.co/QyZU4Z617A",0.0,0.0,0.0,1.0
@FoxNews,85,Fri Dec 01 15:48:58 +0000 2017,.@Judgenap on Michael Flynn's Guilty Plea: 'Monumental' Reduction of Charges Doesn't Come for Free‚Ä¶ https://t.co/SGMzioHQTq,-0.5994,0.0,0.274,0.726
@FoxNews,86,Fri Dec 01 15:43:19 +0000 2017,".@mschlapp: ""There was a real personal animosity between @BarackObama and Mike Flynn."" https://t.co/JewWCCXkbK",-0.4404,0.0,0.209,0.791
@FoxNews,87,Fri Dec 01 15:42:49 +0000 2017,".@JonathanTurley: ""[@GenFlynn] brought this moment onto himself."" https://t.co/ANUw2fdDt5",0.0,0.0,0.0,1.0
@FoxNews,88,Fri Dec 01 15:35:19 +0000 2017,'Tis the season to be jolly...Fa-la-la-la-la la-la-la-la!üéÑHere's a look at Christmas trees around the world. https://t.co/K35puQDRmI,0.0,0.0,0.0,1.0
@FoxNews,89,Fri Dec 01 15:23:53 +0000 2017,Happening Now: Michael Flynn arrives at courthouse. https://t.co/NFWXz5Idvw https://t.co/EZnQ7wNGzp,0.0,0.0,0.0,1.0
@FoxNews,90,Fri Dec 01 15:21:22 +0000 2017,"Moments ago, @KatiePavlich gave her take on the breaking news that Michael Flynn will plead guilty to lying to the‚Ä¶ https://t.co/6fRPPuKicE",-0.7351,0.0,0.246,0.754
@FoxNews,91,Fri Dec 01 15:15:31 +0000 2017,SOON: @WhiteHouse statement on Michael Flynn charges. https://t.co/ovm8GZgezr,-0.2732,0.0,0.231,0.769
@FoxNews,92,Fri Dec 01 15:10:19 +0000 2017,".@KatiePavlich: ""The closest we get to Russia with the Flynn information that we have is that he had conversations‚Ä¶ https://t.co/UBSj7cEvCt",0.0,0.0,0.0,1.0
@FoxNews,93,Fri Dec 01 15:06:23 +0000 2017,".@mschlapp: ""The Obama Administration was surveilling team Trump and unmasking in hundreds of occasions."" https://t.co/znChAUGIGI",0.0,0.0,0.0,1.0
@FoxNews,94,Fri Dec 01 15:04:52 +0000 2017,".@mschlapp: ""This is about @GenFlynn lying about conversations while overseas with a Russian official but it has no‚Ä¶ https://t.co/7Hs307918H",-0.296,0.0,0.115,0.885
@FoxNews,95,Fri Dec 01 15:02:04 +0000 2017,.@AP: @GenFlynn to plead guilty to lying to @FBI; Catherine Herridge discusses. https://t.co/NFWXz5qC6W https://t.co/oFHqCDd4wH,-0.7351,0.0,0.341,0.659
@FoxNews,96,Fri Dec 01 14:59:06 +0000 2017,".@JudgeNap: ""What did @GenFlynn through his lawyers give to Bob Mueller through his FBI agents to induce Mueller to‚Ä¶ https://t.co/bqMe4LcdWK",0.0,0.0,0.0,1.0
@FoxNews,97,Fri Dec 01 14:55:32 +0000 2017,.@AP: @GenFlynn to plead guilty to lying to @FBI; @JudgeNap discusses. https://t.co/NFWXz5Idvw https://t.co/kmKH4iIvwA,-0.7351,0.0,0.36,0.64
@FoxNews,98,Fri Dec 01 14:51:42 +0000 2017,.@SandraSmithFox: @WhiteHouse: Referring all inquiries about and reactions to GenFlynn to @POTUS's attorney Ty Cobb. https://t.co/hZqEZBS6qR,0.3818,0.148,0.0,0.852
@FoxNews,99,Fri Dec 01 14:49:39 +0000 2017,"Michael Flynn charged in Russia investigation, guilty plea expected https://t.co/p0SmXpxgKy",-0.5574,0.0,0.365,0.635
@NYT,0,Sat Dec 02 00:56:02 +0000 2017,Prosecutor Is Indicted Over Inquiry Into 2016 Police Killing. https://t.co/6nUbL7zehh,-0.6597,0.0,0.328,0.672
@NYT,1,Sat Dec 02 00:55:02 +0000 2017,Bid to Unite Albany Democrats Ends in More Bickering Instead. https://t.co/FA8HiVH7Gl,0.0,0.0,0.0,1.0
@NYT,2,Sat Dec 02 00:54:02 +0000 2017,"News Analysis: Debt Concerns, Once a Core Republican Tenet, Take a Back Seat to Tax Cuts. https://t.co/Eyl3t4dLTC",-0.5719,0.0,0.266,0.734
@NYT,3,Sat Dec 02 00:53:02 +0000 2017,News Analysis: Republicans Near a Big Win ‚Äî but Will It Lift Them Politically?. https://t.co/OHPyf5VJ2K,0.34,0.167,0.0,0.833
@NYT,4,Sat Dec 02 00:50:02 +0000 2017,"After Firing Matt Lauer, NBC Executives Move to Control the Damage. https://t.co/B3MQWjkHKn",-0.6808,0.0,0.359,0.641
@NYT,5,Sat Dec 02 00:40:02 +0000 2017,"Leon Cooper, Who Carried On a Battle for Tarawa, Dies at 98. https://t.co/VldiDC0Wn2",-0.3818,0.0,0.191,0.809
@NYT,6,Sat Dec 02 00:39:02 +0000 2017,Prosecutor Is Indicted Over Inquiry Into 2016 Police Killing. https://t.co/ofpvrU5rdT,-0.6597,0.0,0.328,0.672
@NYT,7,Sat Dec 02 00:38:02 +0000 2017,Bid to Unite Albany Democrats Ends in More Bickering Instead. https://t.co/HgESpvlV7y,0.0,0.0,0.0,1.0
@NYT,8,Sat Dec 02 00:22:02 +0000 2017,"Michael Flynn, Tax Bill, Rex Tillerson: Your Evening Briefing. https://t.co/a6fjz9ewXQ",0.0,0.0,0.0,1.0
@NYT,9,Sat Dec 02 00:21:02 +0000 2017,Canada‚Äôs Supreme Court Backs Indigenous Rights in Dispute Over Yukon Wilderness. https://t.co/OGEbW3uoW3,0.1779,0.218,0.236,0.545
@NYT,10,Sat Dec 02 00:09:02 +0000 2017,Open Thread: Open Thread: This Week in Style News. https://t.co/8NrIGcN4wt,0.0,0.0,0.0,1.0
@NYT,11,Sat Dec 02 00:08:02 +0000 2017,Jewelry Diversity: A Taiwanese Designer at a Finnish Brand. https://t.co/zx5iC4v60y,0.0,0.0,0.0,1.0
@NYT,12,Sat Dec 02 00:07:02 +0000 2017,"Turkey Seizes Assets of Reza Zarrab, Witness in Sanctions-Evasion Case. https://t.co/MiF0jwqFtf",0.1779,0.145,0.0,0.855
@NYT,13,Fri Dec 01 23:42:02 +0000 2017,Motives in Egypt‚Äôs Deadliest Terrorist Attack: Religion and Revenge. https://t.co/jI0yTLXnr7,-0.9042,0.0,0.615,0.385
@NYT,14,Fri Dec 01 23:41:02 +0000 2017,Neighborhood Joint: The Diner With the Braille Menu. https://t.co/UnIUj6WU2u,0.0,0.0,0.0,1.0
@NYT,15,Fri Dec 01 23:40:02 +0000 2017,Op-Ed Contributor: The Treasures of Chaco Canyon Are Threatened by Drilling. https://t.co/emJ3hTpg40,-0.0516,0.177,0.19,0.633
@NYT,16,Fri Dec 01 23:39:02 +0000 2017,Letters: The Republican Tax Bill: Voices of Discontent. https://t.co/azHp2CBfiR,0.0,0.0,0.0,1.0
@NYT,17,Fri Dec 01 23:38:02 +0000 2017,The Race to Woo Shohei Ohtani Is About to Begin. https://t.co/QRUHaOfhcn,0.4767,0.237,0.0,0.763
@NYT,18,Fri Dec 01 23:25:02 +0000 2017,Acting Studios Are Struggling. Does It Matter?. https://t.co/1cKh7ZuucF,-0.4215,0.0,0.286,0.714
@NYT,19,Fri Dec 01 23:24:02 +0000 2017,Right and Left React to Michael Flynn‚Äôs Guilty Plea. https://t.co/0u2kOWxD5w,-0.4215,0.0,0.237,0.763
@NYT,20,Fri Dec 01 23:23:01 +0000 2017,Who Gains From the Tax Plan? Economists Face Off. https://t.co/qaAO9Hztli,0.34,0.211,0.0,0.789
@NYT,21,Fri Dec 01 23:13:01 +0000 2017,A Fleeting but Welcome Sight: Tiger Woods Atop the Leaderboard. https://t.co/B2NgznAHy0,0.6124,0.308,0.0,0.692
@NYT,22,Fri Dec 01 23:09:02 +0000 2017,China‚Äôs Next Potential Boom Spot: The Places People Overlook. https://t.co/KXnJflMD8M,0.0,0.0,0.0,1.0
@NYT,23,Fri Dec 01 23:08:01 +0000 2017,Dial O for Ohtani: The Negotiating Begins. https://t.co/K5IvghIBiK,0.0,0.0,0.0,1.0
@NYT,24,Fri Dec 01 23:07:02 +0000 2017,"Suspicious Parcel Prompts Evacuation of Christmas Market in Potsdam, Germany. https://t.co/2WqPV11Eof",-0.3612,0.0,0.2,0.8
@NYT,25,Fri Dec 01 23:06:01 +0000 2017,"Putting Australia in Its Place, Vanishing Ice: Canada Today. https://t.co/WJVMQwjhA9",0.0,0.0,0.0,1.0
@NYT,26,Fri Dec 01 22:55:02 +0000 2017,"The Fabulous Holiday Windows of London, Paris, Berlin and New York City. https://t.co/XEKZxLqOr6",0.7269,0.357,0.0,0.643
@NYT,27,Fri Dec 01 22:54:01 +0000 2017,Travel Tips From Comedians: Gary Owen. https://t.co/FgFoaonODk,0.296,0.268,0.0,0.732
@NYT,28,Fri Dec 01 22:53:02 +0000 2017,"Mitch Margo, Whose Group Sang ‚ÄòThe Lion Sleeps Tonight,‚Äô Dies at 70. https://t.co/5V58VzqELu",0.0,0.0,0.0,1.0
@NYT,29,Fri Dec 01 22:52:01 +0000 2017,"Pasteles, a Puerto Rican Tradition, Have a Special Savor Now. https://t.co/1z2sT6CdgH",0.4019,0.252,0.0,0.748
@NYT,30,Fri Dec 01 22:37:01 +0000 2017,How to Make Pasteles. https://t.co/gNigVHbti6,0.0,0.0,0.0,1.0
@NYT,31,Fri Dec 01 22:30:01 +0000 2017,Philippines Suspends Dengue Shots After Drug Firm‚Äôs Warning. https://t.co/RGfFvTd2Ii,-0.34,0.0,0.231,0.769
@NYT,32,Fri Dec 01 22:27:01 +0000 2017,Jail Leaders Treated More Leniently Than Subordinates for Car Use. https://t.co/clDp7qPYpY,0.0,0.0,0.0,1.0
@NYT,33,Fri Dec 01 22:26:01 +0000 2017,Israel Horovitz Plays Canceled After Sexual Misconduct Accusations. https://t.co/7YgSagiwU4,-0.0772,0.177,0.204,0.619
@NYT,34,Fri Dec 01 22:25:01 +0000 2017,The Interpreter: Why Democracy Feels Like a Dangerous Game. https://t.co/MuxePUoaxv,-0.1531,0.198,0.246,0.556
@NYT,35,Fri Dec 01 22:24:01 +0000 2017,"Ravaged by Cholera, Yemen Faces 2nd Preventable Scourge: Diphtheria. https://t.co/8pmljq2GJt",0.0,0.0,0.0,1.0
@NYT,36,Fri Dec 01 22:23:01 +0000 2017,On Pro Basketball: The All-Star Who Ended Ugly Streaks for the Warriors and the Knicks. https://t.co/YwEGk0tXrz,-0.5106,0.0,0.18,0.82
@NYT,37,Fri Dec 01 22:19:01 +0000 2017,"Holiday Windows, a (Sort of) Love Story. https://t.co/JZDn0pssWU",0.7845,0.58,0.0,0.42
@NYT,38,Fri Dec 01 22:18:02 +0000 2017,Pakistani Taliban Dressed in Burqas Kill Students at Dormitory. https://t.co/rEyTbutTbW,-0.6908,0.0,0.343,0.657
@NYT,39,Fri Dec 01 22:17:02 +0000 2017,Revered Australian TV Figure Feels Ripples of Weinstein Scandal. https://t.co/oSMxLgIFnZ,0.1027,0.232,0.204,0.563
@NYT,40,Fri Dec 01 22:16:01 +0000 2017,"Akihito, Emperor of Japan, Says He Will Abdicate in 2019. https://t.co/7c61pJdaDU",0.0,0.0,0.0,1.0
@NYT,41,Fri Dec 01 22:15:01 +0000 2017,Earthquake Strikes Southeastern Iran. https://t.co/2rtN09CRSy,-0.3612,0.0,0.385,0.615
@NYT,42,Fri Dec 01 22:14:01 +0000 2017,Trump Pressed Top Republicans to End Senate Russia Inquiry. https://t.co/48yQWYy2H8,0.2023,0.167,0.0,0.833
@NYT,43,Fri Dec 01 22:13:01 +0000 2017,"Russia, U.S. and Other Nations Restrict Fishing in Thawing Arctic. https://t.co/hZkqnWqLAD",-0.3818,0.0,0.206,0.794
@NYT,44,Fri Dec 01 22:12:01 +0000 2017,Meet North Korea‚Äôs Newest Missile. https://t.co/JAIVIUdV4E,0.0,0.0,0.0,1.0
@NYT,45,Fri Dec 01 22:11:01 +0000 2017,"Venezuela Arrests 2 Former Oil Officials, Claiming Corruption. https://t.co/LswdtEKjOB",-0.4404,0.0,0.293,0.707
@NYT,46,Fri Dec 01 22:10:01 +0000 2017,The G.O.P. Tax Plan Can Be Confusing. Here‚Äôs Help Deciphering It.. https://t.co/HrleTJmlev,0.2023,0.185,0.13,0.685
@NYT,47,Fri Dec 01 22:09:01 +0000 2017,Trump‚Äôs First Major Trade Fight With China Could Be Over Solar Panels. https://t.co/p4FyBmEjfi,-0.3818,0.0,0.178,0.822
@NYT,48,Fri Dec 01 22:08:01 +0000 2017,Hope for Argentina Submarine Crew Fades. https://t.co/N7XHt8BuAk,0.4404,0.326,0.0,0.674
@NYT,49,Fri Dec 01 22:07:01 +0000 2017,"Senate, Rex Tillerson, Reza Zarrab: Your Thursday Evening Briefing. https://t.co/14Kf0giJYm",0.0,0.0,0.0,1.0
@NYT,50,Fri Dec 01 22:06:01 +0000 2017,‚ÄòHe‚Äôs Normalizing Hatred.‚Äô British Leaders Respond to Trump‚Äôs Retweets. https://t.co/yfKIdBUm2u,0.0,0.0,0.0,1.0
@NYT,51,Fri Dec 01 22:05:01 +0000 2017,Syria Talks in Geneva Overshadowed by Frustration Over Humanitarian Access. https://t.co/ttEK8qmN6D,-0.4767,0.0,0.237,0.763
@NYT,52,Fri Dec 01 22:04:01 +0000 2017,Erdogan Going to Greece Next Week in Groundbreaking Visit. https://t.co/dM9siZgWXb,0.0,0.0,0.0,1.0
@NYT,53,Fri Dec 01 22:03:01 +0000 2017,"Erdogan Helped Turks Evade Iran Sanctions, Reza Zarrab Says. https://t.co/7yysWRUjPu",0.0,0.0,0.0,1.0
@NYT,54,Fri Dec 01 22:02:01 +0000 2017,Australia Powers Up the World‚Äôs Biggest Battery ‚Äî Courtesy of Elon Musk. https://t.co/2GyFqZ1Nms,0.3612,0.185,0.0,0.815
@NYT,55,Fri Dec 01 22:01:01 +0000 2017,An Environmentalist Is Iceland‚Äôs New Prime Minister. https://t.co/dFyEK2WfVY,0.0,0.0,0.0,1.0
@NYT,56,Fri Dec 01 22:00:01 +0000 2017,Merkel and Social Democrats Discuss Another Grand Coalition. https://t.co/g8NV2k6Z2V,0.4588,0.273,0.0,0.727
@NYT,57,Fri Dec 01 21:59:01 +0000 2017,"White House Plans Tillerson Ouster From State Dept., to Be Replaced by Pompeo. https://t.co/knMlLSTDN3",0.0,0.0,0.0,1.0
@NYT,58,Fri Dec 01 21:58:01 +0000 2017,"Rome Journal: Pasolini‚Äôs Rome: Not the City of His Movies, but of His Life. https://t.co/cDsTNx2Ikf",0.0,0.0,0.0,1.0
@NYT,59,Fri Dec 01 21:57:01 +0000 2017,"In Snub to U.S., Russia and Egypt Move Toward Deal on Air Bases. https://t.co/DQHJ2FxVrr",-0.4215,0.0,0.177,0.823
@NYT,60,Fri Dec 01 21:56:01 +0000 2017,Why Parts of Beijing Look Like a Devastated War Zone. https://t.co/4ZNadO4iUf,-0.7506,0.144,0.454,0.402
@NYT,61,Fri Dec 01 21:55:01 +0000 2017,"In China, Aung San Suu Kyi Finds a Warm Welcome (and No Talk of Rohingya). https://t.co/MdAQWTBxNc",0.4019,0.257,0.115,0.628
@NYT,62,Fri Dec 01 21:54:01 +0000 2017,"North Korea‚Äôs New Missile Is Bigger and More Powerful, Photos Suggest. https://t.co/LJZYJ23BdO",0.4754,0.219,0.0,0.781
@NYT,63,Fri Dec 01 21:53:01 +0000 2017,"Norman Baker, Adventurer, Dies at 89; Crossed Atlantic on a Reed Raft. https://t.co/4FvhchQrEU",0.296,0.167,0.0,0.833
@NYT,64,Fri Dec 01 21:52:01 +0000 2017,"Mitch Margo of the Tokens, Which Sang ‚ÄòThe Lion Sleeps Tonight,‚Äô Dies at 70. https://t.co/5V58VzqELu",0.0,0.0,0.0,1.0
@NYT,65,Fri Dec 01 21:38:01 +0000 2017,Playlist: The Playlist: The Hold Steady Get Revved Up and 9 More New Songs. https://t.co/nfANyhuY4W,0.0,0.0,0.0,1.0
@NYT,66,Fri Dec 01 21:24:01 +0000 2017,Letters: How the Tax Bill Would Affect Charities. https://t.co/9hY9U0P73P,0.4939,0.286,0.0,0.714
@NYT,67,Fri Dec 01 21:23:01 +0000 2017,Letter: A Caution on Michael Flynn: Trump Is a Teflon President. https://t.co/Y4PWd4JjYh,0.0,0.0,0.0,1.0
@NYT,68,Fri Dec 01 21:22:01 +0000 2017,My Space: A Tour of Gr√©gory Fitoussi‚Äôs Apartment Outside Paris. https://t.co/PZo526gfAZ,0.0,0.0,0.0,1.0
@NYT,69,Fri Dec 01 21:12:01 +0000 2017,Op-Ed Contributors: Are Kushner and Don Jr. Next?. https://t.co/zs1aCVDaVR,0.0,0.0,0.0,1.0
@NYT,70,Fri Dec 01 21:11:01 +0000 2017,Letter: How a False Assault Claim Hurts Real Victims. https://t.co/9ZFxNuvcYl,-0.8481,0.0,0.605,0.395
@NYT,71,Fri Dec 01 21:10:01 +0000 2017,Letter: ‚ÄòBuy American‚Äô Laws. https://t.co/CjSRnTN0SC,0.0,0.0,0.0,1.0
@NYT,72,Fri Dec 01 21:09:01 +0000 2017,Letter: Big Tobacco and the Army. https://t.co/jcFrHp81SG,0.0,0.0,0.0,1.0
@NYT,73,Fri Dec 01 21:07:01 +0000 2017,Turning Points: Carolina Herrera on Fashion‚Äôs Evolution. https://t.co/aVcmFhI3D0,0.0,0.0,0.0,1.0
@NYT,74,Fri Dec 01 20:57:01 +0000 2017,A Theater Visionary ‚ÄòNourished by the World‚Äô. https://t.co/lJZ8oeR4t1,0.5267,0.362,0.0,0.638
@NYT,75,Fri Dec 01 20:56:01 +0000 2017,Former N.S.A. Employee Pleads Guilty to Taking Classified Information. https://t.co/XrQbbJt8hX,-0.4215,0.0,0.237,0.763
@NYT,76,Fri Dec 01 20:55:01 +0000 2017,What Michael Flynn‚Äôs Guilty Plea Means in Mueller‚Äôs Russia Probe. https://t.co/mACdLTXDbn,-0.4215,0.0,0.219,0.781
@NYT,77,Fri Dec 01 20:54:01 +0000 2017,"Taxpayers Paid $84,000 to End Sex Harassment Claim Against Texas Lawmaker. https://t.co/jARJ4h6S0a",-0.5423,0.0,0.241,0.759
@NYT,78,Fri Dec 01 20:53:01 +0000 2017,Did James Comey Subtweet Michael Flynn? Perhaps.. https://t.co/riwPuzeuCX,0.0,0.0,0.0,1.0
@NYT,79,Fri Dec 01 20:40:02 +0000 2017,"Pop, Rock and Jazz in NYC This Week. https://t.co/J0Kj9Ec6pW",0.0,0.0,0.0,1.0
@NYT,80,Fri Dec 01 20:39:01 +0000 2017,"On Soccer: Applause at the Draw, but Will Russia Keep Cheering?. https://t.co/syH6pqhcn3",0.2263,0.147,0.0,0.853
@NYT,81,Fri Dec 01 20:38:01 +0000 2017,"Interviews Are Over, Yankees Declare. Now It‚Äôs Time to Pick a Manager.. https://t.co/ErfJMYyTcs",0.0,0.0,0.0,1.0
@NYT,82,Fri Dec 01 20:37:01 +0000 2017,"Jim Nabors, 87, TV‚Äôs Gomer Pyle, Is Dead. https://t.co/00yR6AcucH",-0.6486,0.0,0.35,0.65
@NYT,83,Fri Dec 01 20:23:01 +0000 2017,Opinion: The Starving Lands. https://t.co/OT5wHjXxUI,-0.4215,0.0,0.412,0.588
@NYT,84,Fri Dec 01 19:58:01 +0000 2017,Review: John Adams Mines Gold Rush History for His New Opera. https://t.co/W0aJ9lWua8,0.0,0.0,0.0,1.0
@NYT,85,Fri Dec 01 19:57:01 +0000 2017,Vice Media Fires 3 Employees After Harassment Complaints. https://t.co/xz1za0yD4U,-0.7351,0.0,0.508,0.492
@NYT,86,Fri Dec 01 19:56:01 +0000 2017,"Fewer People Are Contracting HIV, State Says. https://t.co/bRFExDVEQJ",0.0,0.0,0.0,1.0
@NYT,87,Fri Dec 01 19:53:00 +0000 2017,Review: Sailing on Silly Seas With ‚ÄòThe Pirates of Penzance‚Äô. https://t.co/iPjS9OKd2g,0.0258,0.099,0.0,0.901
@NYT,88,Fri Dec 01 19:52:01 +0000 2017,Op-Ed Contributor: Michael Flynn‚Äôs Guilty Plea: 10 Key Takeaways. https://t.co/LZeAm7tiJD,-0.4215,0.0,0.237,0.763
@NYT,89,Fri Dec 01 19:51:00 +0000 2017,That Decisive Moment: Expensive Notes: The Week‚Äôs 8 Best Classical Music Moments on YouTube. https://t.co/SjvqGcIQf9,0.7269,0.337,0.0,0.663
@NYT,90,Fri Dec 01 19:49:01 +0000 2017,The Book Review Podcast: The History of Jann Wenner and Rolling Stone. https://t.co/K6y0oIGrLa,0.0,0.0,0.0,1.0
@NYT,91,Fri Dec 01 19:42:00 +0000 2017,The Shortlist: Hollywood‚Äôs Biggest Stars Seen Inside and Out. https://t.co/4Ht3GvzoP4,0.0,0.0,0.0,1.0
@NYT,92,Fri Dec 01 19:41:01 +0000 2017,"Art Books: A Decade of Power, in Photographs. https://t.co/voa7w1sjED",0.0,0.0,0.0,1.0
@NYT,93,Fri Dec 01 19:38:00 +0000 2017,Documents Reveal New Details on What Trump Team Knew About Flynn‚Äôs Calls With Russia‚Äôs Ambassador. https://t.co/fd1zbJ0QPR,0.0,0.0,0.0,1.0
@NYT,94,Fri Dec 01 19:37:00 +0000 2017,Vice Media Fires 3 Employees After Harassment Complaints. https://t.co/xz1za0QdWs,-0.7351,0.0,0.508,0.492
@NYT,95,Fri Dec 01 19:29:00 +0000 2017,Newsbook: Should the Internet Be Regulated?. https://t.co/6k1t90iCnp,0.0,0.0,0.0,1.0
@NYT,96,Fri Dec 01 19:28:00 +0000 2017,"Review: A Stirring Premiere at the Philharmonic, With Perfect Timing. https://t.co/fSpyK2gmvl",0.5719,0.291,0.0,0.709
@NYT,97,Fri Dec 01 19:24:00 +0000 2017,Film Series in NYC This Week. https://t.co/Vixm4dyqRK,0.0,0.0,0.0,1.0
@NYT,98,Fri Dec 01 19:23:00 +0000 2017,Art Books: Capturing a Lost Generation in Photographs. https://t.co/RL0RBFajTA,-0.3182,0.0,0.247,0.753
@NYT,99,Fri Dec 01 19:22:00 +0000 2017,Encounters: Sebastian Stan Just Likes to Watch. https://t.co/athlV8Mk2t,0.4215,0.286,0.0,0.714
